DEPTH = 10240; % Memory depth and width are required % 
 % DEPTH is the number of addresses % 
WIDTH = 32; % WIDTH is the number of bits of data per word % 
% DEPTH and WIDTH should be entered as decimal numbers % 
ADDRESS_RADIX = HEX; % Address and value radixes are required % 
DATA_RADIX = HEX; % Enter BIN, DEC, HEX, OCT, or UNS; unless % 
 % otherwise specified, radixes = HEX % 
-- Specify values for addresses, which can be single address or range 
CONTENT 
BEGIN 
0000 : 0b0b0b89;
0001 : ad040b0b;
0002 : 0b0b0b0b;
0003 : 0b0b0b0b;
0004 : 0b0b0b0b;
0005 : 0b0b0b0b;
0006 : 0b0b0b0b;
0007 : 0b0b0b0b;
0008 : 0b0b0b0b;
0009 : 00000000;
000a : 00000000;
000b : 00000000;
000c : 00000000;
000d : 00000000;
000e : 00000000;
000f : 00000000;
0010 : 71fd0608;
0011 : 72830609;
0012 : 81058205;
0013 : 832b2a83;
0014 : ffff0652;
0015 : 04000000;
0016 : 00000000;
0017 : 00000000;
0018 : 71fd0608;
0019 : 83ffff73;
001a : 83060981;
001b : 05820583;
001c : 2b2b0906;
001d : 7383ffff;
001e : 0b0b0b0b;
001f : 83a70400;
0020 : 72098105;
0021 : 72057373;
0022 : 09060906;
0023 : 73097306;
0024 : 070a8106;
0025 : 53510400;
0026 : 00000000;
0027 : 00000000;
0028 : 72722473;
0029 : 732e0753;
002a : 51040000;
002b : 00000000;
002c : 00000000;
002d : 00000000;
002e : 00000000;
002f : 00000000;
0030 : 71737109;
0031 : 71068106;
0032 : 30720a10;
0033 : 0a720a10;
0034 : 0a31050a;
0035 : 81065151;
0036 : 53510400;
0037 : 00000000;
0038 : 72722673;
0039 : 732e0753;
003a : 51040000;
003b : 00000000;
003c : 00000000;
003d : 00000000;
003e : 00000000;
003f : 00000000;
0040 : 00000000;
0041 : 00000000;
0042 : 00000000;
0043 : 00000000;
0044 : 00000000;
0045 : 00000000;
0046 : 00000000;
0047 : 00000000;
0048 : 0b0b0b88;
0049 : bc040000;
004a : 00000000;
004b : 00000000;
004c : 00000000;
004d : 00000000;
004e : 00000000;
004f : 00000000;
0050 : 720a722b;
0051 : 0a535104;
0052 : 00000000;
0053 : 00000000;
0054 : 00000000;
0055 : 00000000;
0056 : 00000000;
0057 : 00000000;
0058 : 72729f06;
0059 : 0981050b;
005a : 0b0b889f;
005b : 05040000;
005c : 00000000;
005d : 00000000;
005e : 00000000;
005f : 00000000;
0060 : 72722aff;
0061 : 739f062a;
0062 : 0974090a;
0063 : 8106ff05;
0064 : 06075351;
0065 : 04000000;
0066 : 00000000;
0067 : 00000000;
0068 : 71715351;
0069 : 020d0406;
006a : 73830609;
006b : 81058205;
006c : 832b0b2b;
006d : 0772fc06;
006e : 0c515104;
006f : 00000000;
0070 : 72098105;
0071 : 72050970;
0072 : 81050906;
0073 : 0a810653;
0074 : 51040000;
0075 : 00000000;
0076 : 00000000;
0077 : 00000000;
0078 : 72098105;
0079 : 72050970;
007a : 81050906;
007b : 0a098106;
007c : 53510400;
007d : 00000000;
007e : 00000000;
007f : 00000000;
0080 : 71098105;
0081 : 52040000;
0082 : 00000000;
0083 : 00000000;
0084 : 00000000;
0085 : 00000000;
0086 : 00000000;
0087 : 00000000;
0088 : 72720981;
0089 : 05055351;
008a : 04000000;
008b : 00000000;
008c : 00000000;
008d : 00000000;
008e : 00000000;
008f : 00000000;
0090 : 72097206;
0091 : 73730906;
0092 : 07535104;
0093 : 00000000;
0094 : 00000000;
0095 : 00000000;
0096 : 00000000;
0097 : 00000000;
0098 : 71fc0608;
0099 : 72830609;
009a : 81058305;
009b : 1010102a;
009c : 81ff0652;
009d : 04000000;
009e : 00000000;
009f : 00000000;
00a0 : 71fc0608;
00a1 : 0b0b82a0;
00a2 : d4738306;
00a3 : 10100508;
00a4 : 060b0b0b;
00a5 : 88a20400;
00a6 : 00000000;
00a7 : 00000000;
00a8 : 0b0b0b88;
00a9 : ff040000;
00aa : 00000000;
00ab : 00000000;
00ac : 00000000;
00ad : 00000000;
00ae : 00000000;
00af : 00000000;
00b0 : 0b0b0b88;
00b1 : d8040000;
00b2 : 00000000;
00b3 : 00000000;
00b4 : 00000000;
00b5 : 00000000;
00b6 : 00000000;
00b7 : 00000000;
00b8 : 72097081;
00b9 : 0509060a;
00ba : 8106ff05;
00bb : 70547106;
00bc : 73097274;
00bd : 05ff0506;
00be : 07515151;
00bf : 04000000;
00c0 : 72097081;
00c1 : 0509060a;
00c2 : 098106ff;
00c3 : 05705471;
00c4 : 06730972;
00c5 : 7405ff05;
00c6 : 06075151;
00c7 : 51040000;
00c8 : 05ff0504;
00c9 : 00000000;
00ca : 00000000;
00cb : 00000000;
00cc : 00000000;
00cd : 00000000;
00ce : 00000000;
00cf : 00000000;
00d0 : 810b82b3;
00d1 : e40c5104;
00d2 : 00000000;
00d3 : 00000000;
00d4 : 00000000;
00d5 : 00000000;
00d6 : 00000000;
00d7 : 00007181;
00d8 : 05520400;
00d9 : 00000000;
00da : 00000000;
00db : 00000000;
00dc : 00000000;
00dd : 00000000;
00de : 00000000;
00df : 00000000;
00e0 : 00000000;
00e1 : 00000000;
00e2 : 00000000;
00e3 : 00000000;
00e4 : 00000000;
00e5 : 00000000;
00e6 : 00000000;
00e7 : 00000284;
00e8 : 05721010;
00e9 : 05520400;
00ea : 00000000;
00eb : 00000000;
00ec : 00000000;
00ed : 00000000;
00ee : 00000000;
00ef : 00000000;
00f0 : 00000000;
00f1 : 00000000;
00f2 : 00000000;
00f3 : 00000000;
00f4 : 00000000;
00f5 : 00000000;
00f6 : 00000000;
00f7 : 00007171;
00f8 : 05ff0571;
00f9 : 5351020d;
00fa : 04000000;
00fb : 00000000;
00fc : 00000000;
00fd : 00000000;
00fe : 00000000;
00ff : 00000000;
0100 : 10101010;
0101 : 10101010;
0102 : 10101010;
0103 : 10101010;
0104 : 10101010;
0105 : 10101010;
0106 : 10101010;
0107 : 10101053;
0108 : 51047381;
0109 : ff067383;
010a : 06098105;
010b : 83051010;
010c : 102b0772;
010d : fc060c51;
010e : 51043c04;
010f : 72728072;
0110 : 8106ff05;
0111 : 09720605;
0112 : 71105272;
0113 : 0a100a53;
0114 : 72ed3851;
0115 : 51535104;
0116 : 83c08008;
0117 : 83c08408;
0118 : 83c08808;
0119 : 757581ae;
011a : 942d5050;
011b : 83c08008;
011c : 5683c088;
011d : 0c83c084;
011e : 0c83c080;
011f : 0c510483;
0120 : c0800883;
0121 : c0840883;
0122 : c0880875;
0123 : 7581add3;
0124 : 2d505083;
0125 : c0800856;
0126 : 83c0880c;
0127 : 83c0840c;
0128 : 83c0800c;
0129 : 51040000;
012a : 800489aa;
012b : 0489aa0b;
012c : 80ee9404;
012d : fd3d0d75;
012e : 705254ae;
012f : c83f83c0;
0130 : 80081453;
0131 : 72742e92;
0132 : 38ff1370;
0133 : 33535371;
0134 : af2e0981;
0135 : 06ee3881;
0136 : 13537283;
0137 : c0800c85;
0138 : 3d0d04fd;
0139 : 3d0d7577;
013a : 70535454;
013b : c73f83c0;
013c : 8008732e;
013d : a13883c0;
013e : 80087331;
013f : 52ff1252;
0140 : 71ff2e8f;
0141 : 38727081;
0142 : 05543374;
0143 : 70810556;
0144 : 34eb39ff;
0145 : 14548074;
0146 : 34853d0d;
0147 : 04803d0d;
0148 : 7251ff90;
0149 : 3f823d0d;
014a : 047183c0;
014b : 800c0480;
014c : 3d0d7251;
014d : 80713481;
014e : 0bbc120c;
014f : 800b80c0;
0150 : 120c823d;
0151 : 0d04800b;
0152 : 83c2d808;
0153 : 248a38b5;
0154 : 9d3fff0b;
0155 : 83c2d80c;
0156 : 800b83c0;
0157 : 800c04ff;
0158 : 3d0d7352;
0159 : 83c0b408;
015a : 722e9b38;
015b : d93f8183;
015c : 0b9088a0;
015d : 0c715196;
015e : c93f8193;
015f : 0b9088a0;
0160 : 0c7183c0;
0161 : b40c833d;
0162 : 0d04f43d;
0163 : 0d7e6062;
0164 : 5c5a5580;
0165 : 568154bc;
0166 : 1508762e;
0167 : 09810681;
0168 : 92387451;
0169 : ffb93f79;
016a : 58757a25;
016b : 80f73883;
016c : c3880870;
016d : 892a5783;
016e : ff067884;
016f : 80723156;
0170 : 56577378;
0171 : 25833873;
0172 : 557583c2;
0173 : d8082e84;
0174 : 38fef33f;
0175 : 83c2d808;
0176 : 8025a638;
0177 : 75892b51;
0178 : 98fd3f83;
0179 : c388088f;
017a : 3dfc1155;
017b : 5c548152;
017c : f81b5196;
017d : e73f7614;
017e : 83c3880c;
017f : 7583c2d8;
0180 : 0c745376;
0181 : 527851b3;
0182 : b83f83c0;
0183 : 800883c3;
0184 : 88081683;
0185 : c3880c78;
0186 : 7631761b;
0187 : 5b595677;
0188 : 8024ff8b;
0189 : 38617a71;
018a : 0c547554;
018b : 75802e83;
018c : 38815473;
018d : 83c0800c;
018e : 8e3d0d04;
018f : fc3d0dfe;
0190 : 853f7651;
0191 : fe993f86;
0192 : 3dfc0553;
0193 : 78527751;
0194 : 968a3f79;
0195 : 75710c54;
0196 : 83c08008;
0197 : 5483c080;
0198 : 08802e83;
0199 : 38815473;
019a : 83c0800c;
019b : 863d0d04;
019c : fe3d0d75;
019d : 83c2d808;
019e : 53538072;
019f : 24953871;
01a0 : 732e9038;
01a1 : 80c30b90;
01a2 : 88a00c71;
01a3 : 9088a40c;
01a4 : fdb43f80;
01a5 : d30b9088;
01a6 : a00c7451;
01a7 : fdc13f80;
01a8 : e30b9088;
01a9 : a00c7251;
01aa : 97b53f80;
01ab : f30b9088;
01ac : a00c83c0;
01ad : 80085283;
01ae : c0800880;
01af : 2e833881;
01b0 : 527183c0;
01b1 : 800c843d;
01b2 : 0d04803d;
01b3 : 0d7280c0;
01b4 : 110883c0;
01b5 : 800c5182;
01b6 : 3d0d0480;
01b7 : 3d0d72bc;
01b8 : 110883c0;
01b9 : 800c5182;
01ba : 3d0d0480;
01bb : c40b83c0;
01bc : 800c04fd;
01bd : 3d0d7577;
01be : 71547053;
01bf : 5553a9e9;
01c0 : 3f82c813;
01c1 : 08bc150c;
01c2 : 82c01308;
01c3 : 80c0150c;
01c4 : fcb43f73;
01c5 : 5193ab3f;
01c6 : 7383c0b4;
01c7 : 0c83c080;
01c8 : 085383c0;
01c9 : 8008802e;
01ca : 83388153;
01cb : 7283c080;
01cc : 0c853d0d;
01cd : 04fd3d0d;
01ce : 75775553;
01cf : fc883f72;
01d0 : 802ea538;
01d1 : bc130852;
01d2 : 7351a8f3;
01d3 : 3f83c080;
01d4 : 088f3877;
01d5 : 527251ff;
01d6 : 9a3f83c0;
01d7 : 8008538a;
01d8 : 3982cc13;
01d9 : 0853d839;
01da : 81537283;
01db : c0800c85;
01dc : 3d0d04fe;
01dd : 3d0dff0b;
01de : 83c2d80c;
01df : 7483c0b8;
01e0 : 0c7583c2;
01e1 : d40cafcb;
01e2 : 3f83c080;
01e3 : 0881ff06;
01e4 : 52815371;
01e5 : 993883c2;
01e6 : f0518e94;
01e7 : 3f83c080;
01e8 : 085283c0;
01e9 : 8008802e;
01ea : 83387252;
01eb : 71537283;
01ec : c0800c84;
01ed : 3d0d04fa;
01ee : 3d0d787a;
01ef : 82c41208;
01f0 : 82c41208;
01f1 : 70722459;
01f2 : 56565757;
01f3 : 73732e09;
01f4 : 81069138;
01f5 : 80c01652;
01f6 : 80c01751;
01f7 : a6e43f83;
01f8 : c0800855;
01f9 : 7483c080;
01fa : 0c883d0d;
01fb : 04f63d0d;
01fc : 7c5b807b;
01fd : 715c5457;
01fe : 7a772e8c;
01ff : 38811a82;
0200 : cc140854;
0201 : 5a72f638;
0202 : 805980d9;
0203 : 397a5481;
0204 : 5780707b;
0205 : 7b315a57;
0206 : 55ff1853;
0207 : 74732580;
0208 : c13882cc;
0209 : 14085273;
020a : 51ff8c3f;
020b : 800b83c0;
020c : 800825a1;
020d : 3882cc14;
020e : 0882cc11;
020f : 0882cc16;
0210 : 0c7482cc;
0211 : 120c5375;
0212 : 802e8638;
0213 : 7282cc17;
0214 : 0c725480;
0215 : 577382cc;
0216 : 15088117;
0217 : 575556ff;
0218 : b8398119;
0219 : 59800bff;
021a : 1b545478;
021b : 73258338;
021c : 81547681;
021d : 32707506;
021e : 515372ff;
021f : 90388c3d;
0220 : 0d04f73d;
0221 : 0d7b7d5a;
0222 : 5a82d052;
0223 : 83c2d408;
0224 : 51819c9f;
0225 : 3f83c080;
0226 : 0857f9aa;
0227 : 3f795283;
0228 : c2dc5195;
0229 : b73f83c0;
022a : 80085480;
022b : 5383c080;
022c : 08732e09;
022d : 81068283;
022e : 3883c0b8;
022f : 080b0b82;
0230 : aba45370;
0231 : 5256a6a1;
0232 : 3f0b0b82;
0233 : aba45280;
0234 : c01651a6;
0235 : 943f75bc;
0236 : 170c7382;
0237 : c0170c81;
0238 : 0b82c417;
0239 : 0c810b82;
023a : c8170c73;
023b : 82cc170c;
023c : ff1782d0;
023d : 17555781;
023e : 913983c0;
023f : c4337082;
0240 : 2a708106;
0241 : 51545572;
0242 : 81803874;
0243 : 812a8106;
0244 : 587780f6;
0245 : 3874842a;
0246 : 810682c4;
0247 : 150c83c0;
0248 : c4338106;
0249 : 82c8150c;
024a : 79527351;
024b : a5bb3f73;
024c : 51a5d23f;
024d : 83c08008;
024e : 1453af73;
024f : 70810555;
0250 : 3472bc15;
0251 : 0c83c0c5;
0252 : 527251a5;
0253 : 9c3f83c0;
0254 : bc0882c0;
0255 : 150c83c0;
0256 : d25280c0;
0257 : 1451a589;
0258 : 3f78802e;
0259 : 8d387351;
025a : 782d83c0;
025b : 8008802e;
025c : 99387782;
025d : cc150c75;
025e : 802e8638;
025f : 7382cc17;
0260 : 0c7382d0;
0261 : 15ff1959;
0262 : 55567680;
0263 : 2e9b3883;
0264 : c0bc5283;
0265 : c2dc5194;
0266 : ad3f83c0;
0267 : 80088a38;
0268 : 83c0c533;
0269 : 5372fed2;
026a : 3878802e;
026b : 893883c0;
026c : b80851fc;
026d : b83f83c0;
026e : b8085372;
026f : 83c0800c;
0270 : 8b3d0d04;
0271 : ff3d0d80;
0272 : 527351fd;
0273 : b53f833d;
0274 : 0d04f03d;
0275 : 0d627052;
0276 : 54f5d93f;
0277 : 83c08008;
0278 : 7453873d;
0279 : 70535555;
027a : f5f93ff6;
027b : d93f7351;
027c : d33f6353;
027d : 745283c0;
027e : 800851fa;
027f : b83f923d;
0280 : 0d047183;
0281 : c0800c04;
0282 : 80c01283;
0283 : c0800c04;
0284 : 803d0d72;
0285 : 82c01108;
0286 : 83c0800c;
0287 : 51823d0d;
0288 : 04803d0d;
0289 : 7282cc11;
028a : 0883c080;
028b : 0c51823d;
028c : 0d04803d;
028d : 0d7282c4;
028e : 110883c0;
028f : 800c5182;
0290 : 3d0d04f9;
0291 : 3d0d7983;
0292 : c0900857;
0293 : 57817727;
0294 : 81963876;
0295 : 88170827;
0296 : 818e3875;
0297 : 33557482;
0298 : 2e893874;
0299 : 832eb338;
029a : 80fe3974;
029b : 54761083;
029c : fe065376;
029d : 882a8c17;
029e : 08055289;
029f : 3dfc0551;
02a0 : a9f93f83;
02a1 : c0800880;
02a2 : df38029d;
02a3 : 0533893d;
02a4 : 3371882b;
02a5 : 07565680;
02a6 : d1398454;
02a7 : 76822b83;
02a8 : fc065376;
02a9 : 872a8c17;
02aa : 08055289;
02ab : 3dfc0551;
02ac : a9c93f83;
02ad : c08008b0;
02ae : 38029f05;
02af : 33028405;
02b0 : 9e053371;
02b1 : 982b7190;
02b2 : 2b07028c;
02b3 : 059d0533;
02b4 : 70882b72;
02b5 : 078d3d33;
02b6 : 7180ffff;
02b7 : fe800607;
02b8 : 51525357;
02b9 : 58568339;
02ba : 81557483;
02bb : c0800c89;
02bc : 3d0d04fb;
02bd : 3d0d83c0;
02be : 9008fe19;
02bf : 881208fe;
02c0 : 05555654;
02c1 : 80567473;
02c2 : 278d3882;
02c3 : 14337571;
02c4 : 29941608;
02c5 : 05575375;
02c6 : 83c0800c;
02c7 : 873d0d04;
02c8 : fc3d0d76;
02c9 : 52800b83;
02ca : c0900870;
02cb : 33515253;
02cc : 70832e09;
02cd : 81069138;
02ce : 95123394;
02cf : 13337198;
02d0 : 2b71902b;
02d1 : 07555551;
02d2 : 9b12339a;
02d3 : 13337188;
02d4 : 2b077407;
02d5 : 83c0800c;
02d6 : 55863d0d;
02d7 : 04fc3d0d;
02d8 : 7683c090;
02d9 : 08555580;
02da : 75238815;
02db : 08537281;
02dc : 2e883888;
02dd : 14087326;
02de : 85388152;
02df : b2397290;
02e0 : 38733352;
02e1 : 71832e09;
02e2 : 81068538;
02e3 : 90140853;
02e4 : 728c160c;
02e5 : 72802e8d;
02e6 : 387251fe;
02e7 : d63f83c0;
02e8 : 80085285;
02e9 : 39901408;
02ea : 52719016;
02eb : 0c805271;
02ec : 83c0800c;
02ed : 863d0d04;
02ee : fa3d0d78;
02ef : 83c09008;
02f0 : 71228105;
02f1 : 7083ffff;
02f2 : 06575457;
02f3 : 5573802e;
02f4 : 88389015;
02f5 : 08537286;
02f6 : 38835280;
02f7 : e739738f;
02f8 : 06527180;
02f9 : da388113;
02fa : 90160c8c;
02fb : 15085372;
02fc : 9038830b;
02fd : 84172257;
02fe : 52737627;
02ff : 80c638bf;
0300 : 39821633;
0301 : ff057484;
0302 : 2a065271;
0303 : b2387251;
0304 : fcb13f81;
0305 : 527183c0;
0306 : 800827a8;
0307 : 38835283;
0308 : c0800888;
0309 : 1708279c;
030a : 3883c080;
030b : 088c160c;
030c : 83c08008;
030d : 51fdbc3f;
030e : 83c08008;
030f : 90160c73;
0310 : 75238052;
0311 : 7183c080;
0312 : 0c883d0d;
0313 : 04f23d0d;
0314 : 60626458;
0315 : 5e5b7533;
0316 : 5574a02e;
0317 : 09810688;
0318 : 38811670;
0319 : 4456ef39;
031a : 62703356;
031b : 5674af2e;
031c : 09810684;
031d : 38811643;
031e : 800b881c;
031f : 0c627033;
0320 : 5155749f;
0321 : 2691387a;
0322 : 51fdd23f;
0323 : 83c08008;
0324 : 56807d34;
0325 : 83813993;
0326 : 3d841c08;
0327 : 7058595f;
0328 : 8a55a076;
0329 : 70810558;
032a : 34ff1555;
032b : 74ff2e09;
032c : 8106ef38;
032d : 80705a5c;
032e : 887f085f;
032f : 5a7b811d;
0330 : 7081ff06;
0331 : 60137033;
0332 : 70af3270;
0333 : 30a07327;
0334 : 71802507;
0335 : 5151525b;
0336 : 535e5755;
0337 : 7480e738;
0338 : 76ae2e09;
0339 : 81068338;
033a : 8155787a;
033b : 27750755;
033c : 74802e9f;
033d : 38798832;
033e : 703078ae;
033f : 32703070;
0340 : 73079f2a;
0341 : 53515751;
0342 : 5675bb38;
0343 : 88598b5a;
0344 : ffab3976;
0345 : 982b5574;
0346 : 80258738;
0347 : 829fe417;
0348 : 3357ff9f;
0349 : 17557499;
034a : 268938e0;
034b : 177081ff;
034c : 06585578;
034d : 811a7081;
034e : ff06721b;
034f : 535b5755;
0350 : 767534fe;
0351 : f8397b1e;
0352 : 7f0c8055;
0353 : 76a02683;
0354 : 38815574;
0355 : 8b19347a;
0356 : 51fc823f;
0357 : 83c08008;
0358 : 80f538a0;
0359 : 547a2270;
035a : 852b83e0;
035b : 06545590;
035c : 1b08527c;
035d : 51a4843f;
035e : 83c08008;
035f : 5783c080;
0360 : 08818138;
0361 : 7c335574;
0362 : 802e80f4;
0363 : 388b1d33;
0364 : 70832a70;
0365 : 81065156;
0366 : 5674b438;
0367 : 8b7d841d;
0368 : 0883c080;
0369 : 08595b5b;
036a : 58ff1858;
036b : 77ff2e9a;
036c : 38797081;
036d : 055b3379;
036e : 7081055b;
036f : 33717131;
0370 : 52565675;
0371 : 802ee238;
0372 : 86397580;
0373 : 2e96387a;
0374 : 51fbe53f;
0375 : ff863983;
0376 : c0800856;
0377 : 83c08008;
0378 : b6388339;
0379 : 7656841b;
037a : 088b1133;
037b : 515574a7;
037c : 388b1d33;
037d : 70842a70;
037e : 81065156;
037f : 56748938;
0380 : 83569439;
0381 : 81569039;
0382 : 7c51fa94;
0383 : 3f83c080;
0384 : 08881c0c;
0385 : fd813975;
0386 : 83c0800c;
0387 : 903d0d04;
0388 : f83d0d7a;
0389 : 7c595782;
038a : 5483fe53;
038b : 77527651;
038c : a2c93f83;
038d : 5683c080;
038e : 0880ec38;
038f : 81173377;
0390 : 3371882b;
0391 : 07565682;
0392 : 567482d4;
0393 : d52e0981;
0394 : 0680d438;
0395 : 7554b653;
0396 : 77527651;
0397 : a29d3f83;
0398 : c0800898;
0399 : 38811733;
039a : 77337188;
039b : 2b0783c0;
039c : 80085256;
039d : 56748182;
039e : c62eac38;
039f : 825480d2;
03a0 : 53775276;
03a1 : 51a1f43f;
03a2 : 83c08008;
03a3 : 98388117;
03a4 : 33773371;
03a5 : 882b0783;
03a6 : c0800852;
03a7 : 56567481;
03a8 : 82c62e83;
03a9 : 38815675;
03aa : 83c0800c;
03ab : 8a3d0d04;
03ac : eb3d0d67;
03ad : 5a800b83;
03ae : c0900ca1;
03af : 963f83c0;
03b0 : 80088106;
03b1 : 55825674;
03b2 : 83ef3874;
03b3 : 75538f3d;
03b4 : 70535759;
03b5 : feca3f83;
03b6 : c0800881;
03b7 : ff065776;
03b8 : 812e0981;
03b9 : 0680d438;
03ba : 905483be;
03bb : 53745275;
03bc : 51a1883f;
03bd : 83c08008;
03be : 80c9388f;
03bf : 3d335574;
03c0 : 802e80c9;
03c1 : 3802bf05;
03c2 : 33028405;
03c3 : be053371;
03c4 : 982b7190;
03c5 : 2b07028c;
03c6 : 05bd0533;
03c7 : 70882b72;
03c8 : 07953d33;
03c9 : 71077058;
03ca : 7b575e52;
03cb : 5e575957;
03cc : fdee3f83;
03cd : c0800881;
03ce : ff065776;
03cf : 832e0981;
03d0 : 06863881;
03d1 : 5682f239;
03d2 : 76802e86;
03d3 : 38865682;
03d4 : e839a454;
03d5 : 8d537852;
03d6 : 7551a09f;
03d7 : 3f815683;
03d8 : c0800882;
03d9 : d43802be;
03da : 05330284;
03db : 05bd0533;
03dc : 71882b07;
03dd : 595d77ab;
03de : 380280ce;
03df : 05330284;
03e0 : 0580cd05;
03e1 : 3371982b;
03e2 : 71902b07;
03e3 : 973d3370;
03e4 : 882b7207;
03e5 : 02940580;
03e6 : cb053371;
03e7 : 0754525e;
03e8 : 57595602;
03e9 : b7053378;
03ea : 71290288;
03eb : 05b60533;
03ec : 028c05b5;
03ed : 05337188;
03ee : 2b07701d;
03ef : 707f8c05;
03f0 : 0c5f5957;
03f1 : 595d8e3d;
03f2 : 33821b34;
03f3 : 02b90533;
03f4 : 903d3371;
03f5 : 882b075a;
03f6 : 5c78841b;
03f7 : 2302bb05;
03f8 : 33028405;
03f9 : ba053371;
03fa : 882b0756;
03fb : 5c74ab38;
03fc : 0280ca05;
03fd : 33028405;
03fe : 80c90533;
03ff : 71982b71;
0400 : 902b0796;
0401 : 3d337088;
0402 : 2b720702;
0403 : 940580c7;
0404 : 05337107;
0405 : 51525357;
0406 : 5e5c7476;
0407 : 31783179;
0408 : 842a903d;
0409 : 33547171;
040a : 31535656;
040b : 818d843f;
040c : 83c08008;
040d : 82057088;
040e : 1c0c83c0;
040f : 8008e08a;
0410 : 05565674;
0411 : 83dffe26;
0412 : 83388257;
0413 : 83fff676;
0414 : 27853883;
0415 : 57893986;
0416 : 5676802e;
0417 : 80db3876;
0418 : 7a347683;
0419 : 2e098106;
041a : b0380280;
041b : d6053302;
041c : 840580d5;
041d : 05337198;
041e : 2b71902b;
041f : 07993d33;
0420 : 70882b72;
0421 : 07029405;
0422 : 80d30533;
0423 : 71077f90;
0424 : 050c525e;
0425 : 57585686;
0426 : 39771b90;
0427 : 1b0c841a;
0428 : 228c1b08;
0429 : 1971842a;
042a : 05941c0c;
042b : 5d800b81;
042c : 1b347983;
042d : c0900c80;
042e : 567583c0;
042f : 800c973d;
0430 : 0d04e93d;
0431 : 0d83c090;
0432 : 08568554;
0433 : 75802e81;
0434 : 8238800b;
0435 : 81173499;
0436 : 3de01146;
0437 : 6a548a3d;
0438 : 705458ec;
0439 : 0551f6e5;
043a : 3f83c080;
043b : 085483c0;
043c : 800880df;
043d : 38893d33;
043e : 5473802e;
043f : 913802ab;
0440 : 05337084;
0441 : 2a810651;
0442 : 5574802e;
0443 : 86388354;
0444 : 80c13976;
0445 : 51f4893f;
0446 : 83c08008;
0447 : a0170c02;
0448 : bf053302;
0449 : 8405be05;
044a : 3371982b;
044b : 71902b07;
044c : 028c05bd;
044d : 05337088;
044e : 2b720795;
044f : 3d337107;
0450 : 9c1c0c52;
0451 : 78981b0c;
0452 : 53565957;
0453 : 810b8117;
0454 : 34745473;
0455 : 83c0800c;
0456 : 993d0d04;
0457 : f53d0d7d;
0458 : 7f617283;
0459 : c090085a;
045a : 5d5d595c;
045b : 807b0c85;
045c : 5775802e;
045d : 81e03881;
045e : 16338106;
045f : 55845774;
0460 : 802e81d2;
0461 : 38913974;
0462 : 81173486;
0463 : 39800b81;
0464 : 17348157;
0465 : 81c0399c;
0466 : 16089817;
0467 : 08315574;
0468 : 78278338;
0469 : 74587780;
046a : 2e81a938;
046b : 98160870;
046c : 83ff0656;
046d : 577480cf;
046e : 38821633;
046f : ff057789;
0470 : 2a067081;
0471 : ff065a55;
0472 : 78a03876;
0473 : 8738a016;
0474 : 08558d39;
0475 : a4160851;
0476 : f0e93f83;
0477 : c0800855;
0478 : 817527ff;
0479 : a83874a4;
047a : 170ca416;
047b : 0851f283;
047c : 3f83c080;
047d : 085583c0;
047e : 8008802e;
047f : ff893883;
0480 : c0800819;
0481 : a8170c98;
0482 : 160883ff;
0483 : 06848071;
0484 : 31515577;
0485 : 75278338;
0486 : 77557483;
0487 : ffff0654;
0488 : 98160883;
0489 : ff0653a8;
048a : 16085279;
048b : 577b8338;
048c : 7b577651;
048d : 9ac53f83;
048e : c08008fe;
048f : d0389816;
0490 : 08159817;
0491 : 0c741a78;
0492 : 76317c08;
0493 : 177d0c59;
0494 : 5afed339;
0495 : 80577683;
0496 : c0800c8d;
0497 : 3d0d04fa;
0498 : 3d0d7883;
0499 : c0900855;
049a : 56855573;
049b : 802e81e3;
049c : 38811433;
049d : 81065384;
049e : 5572802e;
049f : 81d5389c;
04a0 : 14085372;
04a1 : 76278338;
04a2 : 72569814;
04a3 : 0857800b;
04a4 : 98150c75;
04a5 : 802e81b9;
04a6 : 38821433;
04a7 : 70892b56;
04a8 : 5376802e;
04a9 : b7387452;
04aa : ff165181;
04ab : 88853f83;
04ac : c08008ff;
04ad : 18765470;
04ae : 53585381;
04af : 87f53f83;
04b0 : c0800873;
04b1 : 26963874;
04b2 : 30707806;
04b3 : 7098170c;
04b4 : 777131a4;
04b5 : 17085258;
04b6 : 51538939;
04b7 : a0140870;
04b8 : a4160c53;
04b9 : 747627b9;
04ba : 387251ee;
04bb : d63f83c0;
04bc : 80085381;
04bd : 0b83c080;
04be : 08278b38;
04bf : 88140883;
04c0 : c0800826;
04c1 : 8838800b;
04c2 : 811534b0;
04c3 : 3983c080;
04c4 : 08a4150c;
04c5 : 98140815;
04c6 : 98150c75;
04c7 : 753156c4;
04c8 : 39981408;
04c9 : 16709816;
04ca : 0c735256;
04cb : efc53f83;
04cc : c080088c;
04cd : 3883c080;
04ce : 08811534;
04cf : 81559439;
04d0 : 821433ff;
04d1 : 0576892a;
04d2 : 0683c080;
04d3 : 0805a815;
04d4 : 0c805574;
04d5 : 83c0800c;
04d6 : 883d0d04;
04d7 : ef3d0d63;
04d8 : 56855583;
04d9 : c0900880;
04da : 2e80d238;
04db : 933df405;
04dc : 84170c64;
04dd : 53883d70;
04de : 53765257;
04df : f1cf3f83;
04e0 : c0800855;
04e1 : 83c08008;
04e2 : b438883d;
04e3 : 33547380;
04e4 : 2ea13802;
04e5 : a7053370;
04e6 : 842a7081;
04e7 : 06515555;
04e8 : 83557380;
04e9 : 2e973876;
04ea : 51eef53f;
04eb : 83c08008;
04ec : 88170c75;
04ed : 51efa63f;
04ee : 83c08008;
04ef : 557483c0;
04f0 : 800c933d;
04f1 : 0d04e43d;
04f2 : 0d6ea13d;
04f3 : 08405e85;
04f4 : 5683c090;
04f5 : 08802e84;
04f6 : 85389e3d;
04f7 : f405841f;
04f8 : 0c7e9838;
04f9 : 7d51eef5;
04fa : 3f83c080;
04fb : 085683ee;
04fc : 39814181;
04fd : f6398341;
04fe : 81f13993;
04ff : 3d7f9605;
0500 : 4159807f;
0501 : 8295055e;
0502 : 56756081;
0503 : ff053483;
0504 : 41901e08;
0505 : 762e81d3;
0506 : 38a0547d;
0507 : 2270852b;
0508 : 83e00654;
0509 : 58901e08;
050a : 52785196;
050b : ce3f83c0;
050c : 80084183;
050d : c08008ff;
050e : b8387833;
050f : 5c7b802e;
0510 : ffb4388b;
0511 : 193370bf;
0512 : 06718106;
0513 : 52435574;
0514 : 802e80de;
0515 : 387b81bf;
0516 : 0655748f;
0517 : 2480d338;
0518 : 9a193355;
0519 : 7480cb38;
051a : f31d7058;
051b : 5d815675;
051c : 8b2e0981;
051d : 0685388e;
051e : 568b3975;
051f : 9a2e0981;
0520 : 0683389c;
0521 : 56751970;
0522 : 70810552;
0523 : 33713381;
0524 : 1a821a5f;
0525 : 5b525b55;
0526 : 74863879;
0527 : 77348539;
0528 : 80df7734;
0529 : 777b5757;
052a : 7aa02e09;
052b : 8106c038;
052c : 81567b81;
052d : e5327030;
052e : 709f2a51;
052f : 51557bae;
0530 : 2e933874;
0531 : 802e8e38;
0532 : 61832a70;
0533 : 81065155;
0534 : 74802e97;
0535 : 387d51ed;
0536 : df3f83c0;
0537 : 80084183;
0538 : c0800887;
0539 : 38901e08;
053a : feaf3880;
053b : 60347580;
053c : 2e88387c;
053d : 527f518d;
053e : f03f6080;
053f : 2e863880;
0540 : 0b901f0c;
0541 : 60566083;
0542 : 2e853860;
0543 : 81d03889;
0544 : 1f57901e;
0545 : 08802e81;
0546 : a8388056;
0547 : 75197033;
0548 : 515574a0;
0549 : 2ea03874;
054a : 852e0981;
054b : 06843881;
054c : e5557477;
054d : 70810559;
054e : 34811670;
054f : 81ff0657;
0550 : 55877627;
0551 : d7388819;
0552 : 335574a0;
0553 : 2ea938ae;
0554 : 77708105;
0555 : 59348856;
0556 : 75197033;
0557 : 515574a0;
0558 : 2e953874;
0559 : 77708105;
055a : 59348116;
055b : 7081ff06;
055c : 57558a76;
055d : 27e2388b;
055e : 19337f88;
055f : 05349f19;
0560 : 339e1a33;
0561 : 71982b71;
0562 : 902b079d;
0563 : 1c337088;
0564 : 2b72079c;
0565 : 1e337107;
0566 : 640c5299;
0567 : 1d33981e;
0568 : 3371882b;
0569 : 07535153;
056a : 57595674;
056b : 7f840523;
056c : 97193396;
056d : 1a337188;
056e : 2b075656;
056f : 747f8605;
0570 : 23807734;
0571 : 7d51ebf0;
0572 : 3f83c080;
0573 : 08833270;
0574 : 30707207;
0575 : 9f2c83c0;
0576 : 80080652;
0577 : 5656961f;
0578 : 3355748a;
0579 : 38891f52;
057a : 961f518b;
057b : fc3f7583;
057c : c0800c9e;
057d : 3d0d04f4;
057e : 3d0d7e8f;
057f : 3dec1156;
0580 : 56589053;
0581 : f0155277;
0582 : 51e0b13f;
0583 : 83c08008;
0584 : 80d63878;
0585 : 902e0981;
0586 : 0680cd38;
0587 : 02ab0533;
0588 : 82b3ec0b;
0589 : 82b3ec33;
058a : 5758568c;
058b : 3974762e;
058c : 8a388417;
058d : 70335657;
058e : 74f33876;
058f : 33705755;
0590 : 74802eac;
0591 : 38821722;
0592 : 708a2b90;
0593 : 3dec0556;
0594 : 70555656;
0595 : 96800a52;
0596 : 7751dfe0;
0597 : 3f83c080;
0598 : 08863878;
0599 : 752e8538;
059a : 80568539;
059b : 81173356;
059c : 7583c080;
059d : 0c8e3d0d;
059e : 04fc3d0d;
059f : 76705255;
05a0 : 8b833f83;
05a1 : c0800815;
05a2 : ff055473;
05a3 : 752e8e38;
05a4 : 73335372;
05a5 : ae2e8638;
05a6 : ff1454ef;
05a7 : 39775281;
05a8 : 14518a9b;
05a9 : 3f83c080;
05aa : 08307083;
05ab : c0800807;
05ac : 802583c0;
05ad : 800c5386;
05ae : 3d0d04fa;
05af : 3d0d7857;
05b0 : 80775256;
05b1 : e6c23f83;
05b2 : c0800883;
05b3 : c0800833;
05b4 : 53547176;
05b5 : 2e80c738;
05b6 : 733383c0;
05b7 : 94173356;
05b8 : 53749138;
05b9 : 765183c3;
05ba : ac085271;
05bb : 2d83c080;
05bc : 0852ad39;
05bd : ff9f1352;
05be : 71992689;
05bf : 38e01370;
05c0 : 81ff0654;
05c1 : 52747332;
05c2 : 70307072;
05c3 : 07802578;
05c4 : 05811770;
05c5 : 33545758;
05c6 : 545271ff;
05c7 : bb388052;
05c8 : 7183c080;
05c9 : 0c883d0d;
05ca : 04fc3d0d;
05cb : 76705255;
05cc : e6803f83;
05cd : c0800854;
05ce : 815383c0;
05cf : 800880d0;
05d0 : 387451e5;
05d1 : c33f83c0;
05d2 : 800882ab;
05d3 : b05383c0;
05d4 : 80085253;
05d5 : fea33f83;
05d6 : c08008b0;
05d7 : 3882abb4;
05d8 : 527251fe;
05d9 : 943f83c0;
05da : 8008a138;
05db : 82abb852;
05dc : 7251fe85;
05dd : 3f83c080;
05de : 08923882;
05df : abbc5272;
05e0 : 51fdf63f;
05e1 : 83c08008;
05e2 : 802e8338;
05e3 : 81547353;
05e4 : 7283c080;
05e5 : 0c863d0d;
05e6 : 04fd3d0d;
05e7 : 75705254;
05e8 : e5903f81;
05e9 : 5383c080;
05ea : 08983873;
05eb : 51e4d93f;
05ec : 83c3a008;
05ed : 5283c080;
05ee : 0851fdbd;
05ef : 3f83c080;
05f0 : 08537283;
05f1 : c0800c85;
05f2 : 3d0d04dd;
05f3 : 3d0da63d;
05f4 : 085f800b;
05f5 : 83c7e033;
05f6 : 555b737b;
05f7 : 2e85cf38;
05f8 : 86537a52;
05f9 : 83c09451;
05fa : a9913f7e;
05fb : 51daae3f;
05fc : 83c08008;
05fd : 33973d56;
05fe : 54737b2e;
05ff : 09810696;
0600 : 3882b88c;
0601 : 52745187;
0602 : e03f9a39;
0603 : 7e527851;
0604 : dde13f85;
0605 : 99397e51;
0606 : da8f3f83;
0607 : c0800852;
0608 : 7451d9bf;
0609 : 3f804480;
060a : 43804280;
060b : 41adbb52;
060c : 963d7052;
060d : 5ee0cb3f;
060e : 83c08008;
060f : 59800b83;
0610 : c0800855;
0611 : 5c83c080;
0612 : 087c2e94;
0613 : 38811c74;
0614 : 525ce3cd;
0615 : 3f83c080;
0616 : 085483c0;
0617 : 8008ee38;
0618 : 805aff40;
0619 : 7909709f;
061a : 2c7b065b;
061b : 547b7a24;
061c : 8438ff1c;
061d : 5af61a70;
061e : 09709f2c;
061f : 72067bff;
0620 : 125a5a52;
0621 : 55558075;
0622 : 25953876;
0623 : 51e3923f;
0624 : 83c08008;
0625 : 76ff1858;
0626 : 55577380;
0627 : 24ed3874;
0628 : 602e8638;
0629 : a9e23f74;
062a : 4078ff1b;
062b : 70585e58;
062c : 807a2595;
062d : 387751e2;
062e : e83f83c0;
062f : 800876ff;
0630 : 18585558;
0631 : 738024ed;
0632 : 38800b83;
0633 : c7dc0c81;
0634 : 800b83c8;
0635 : b80c82ab;
0636 : c0518be4;
0637 : 3f800b83;
0638 : c8b80c83;
0639 : c0945282;
063a : abc8518b;
063b : d33fa80b;
063c : 83c7dc0c;
063d : 76802e80;
063e : e43883c7;
063f : dc087779;
0640 : 32703070;
0641 : 72078025;
0642 : 70872b83;
0643 : c8b80c51;
0644 : 56785356;
0645 : 56e29b3f;
0646 : 83c08008;
0647 : 802e8838;
0648 : 82abd451;
0649 : 8b9a3f76;
064a : 51e1dd3f;
064b : 83c08008;
064c : 5282afcc;
064d : 518b893f;
064e : 7651e1e5;
064f : 3f83c080;
0650 : 0883c7dc;
0651 : 08555775;
0652 : 74258638;
0653 : a81656f7;
0654 : 397583c7;
0655 : dc0c86f0;
0656 : 7624ff98;
0657 : 3887980b;
0658 : 83c7dc0c;
0659 : 77802ea9;
065a : 387751e1;
065b : 9b3f83c0;
065c : 80087852;
065d : 55e1bb3f;
065e : 82abdc54;
065f : 83c08008;
0660 : 853882ae;
0661 : d0547453;
0662 : 735282ab;
0663 : a8518ab0;
0664 : 3f805482;
0665 : aeac518a;
0666 : a73f8114;
0667 : 5473a82e;
0668 : 098106ef;
0669 : 38868da0;
066a : 51a5ca3f;
066b : 8052913d;
066c : 70525780;
066d : fe943f83;
066e : 52765180;
066f : fe8c3f64;
0670 : 5473ff2e;
0671 : 09810697;
0672 : 38ff1b70;
0673 : 09709f2c;
0674 : 72065255;
0675 : 5b800b83;
0676 : c0941c34;
0677 : 81c23980;
0678 : 7425ab38;
0679 : 7a852e09;
067a : 81069138;
067b : 86538052;
067c : 83c09451;
067d : a5853f80;
067e : 5b81a539;
067f : 7383c094;
0680 : 1c34811b;
0681 : 5b819939;
0682 : 80763481;
0683 : 93396381;
0684 : 8f386280;
0685 : 2e80fb38;
0686 : 7c5473ff;
0687 : 2e963878;
0688 : 802e818a;
0689 : 387851df;
068a : f83f83c0;
068b : 8008ff15;
068c : 5559e739;
068d : 78802e80;
068e : f5387851;
068f : dff43f83;
0690 : c0800880;
0691 : 2efbc538;
0692 : 7851dfbc;
0693 : 3f83c080;
0694 : 085282ab;
0695 : a45181ea;
0696 : 3f83c080;
0697 : 08a3387d;
0698 : 5183a23f;
0699 : 83c08008;
069a : 5574ff16;
069b : 56548074;
069c : 25ae3874;
069d : 1e703355;
069e : 5673af2e;
069f : ff8a38e9;
06a0 : 397851de;
06a1 : fd3f83c0;
06a2 : 8008527d;
06a3 : 5182da3f;
06a4 : 8f396088;
06a5 : 29611005;
06a6 : 7a056205;
06a7 : 5afbc539;
06a8 : 63802efb;
06a9 : 88388052;
06aa : 765180fc;
06ab : 9d3fa53d;
06ac : 0d04ff3d;
06ad : 0d028f05;
06ae : 33701081;
06af : 05908890;
06b0 : 0c52833d;
06b1 : 0d04ff3d;
06b2 : 0d028f05;
06b3 : 33529088;
06b4 : 84087089;
06b5 : 2a708106;
06b6 : 51515170;
06b7 : 802e8738;
06b8 : 80d0ff3f;
06b9 : e9397190;
06ba : 88800c83;
06bb : 3d0d0480;
06bc : 3d0d9088;
06bd : 8c087088;
06be : 2a708106;
06bf : 51515170;
06c0 : 802e8738;
06c1 : 80d0db3f;
06c2 : e9399088;
06c3 : 880883c0;
06c4 : 800c823d;
06c5 : 0d049088;
06c6 : 940883c0;
06c7 : 800c04fd;
06c8 : 3d0d7577;
06c9 : 54548073;
06ca : 25943873;
06cb : 70810555;
06cc : 335282ab;
06cd : e0518788;
06ce : 3fff1353;
06cf : e939853d;
06d0 : 0d04fd3d;
06d1 : 0d757753;
06d2 : 54733351;
06d3 : 70893871;
06d4 : 33517080;
06d5 : 2ea13873;
06d6 : 33723352;
06d7 : 53727127;
06d8 : 8538ff51;
06d9 : 94397073;
06da : 27853881;
06db : 518b3981;
06dc : 14811353;
06dd : 54d33980;
06de : 517083c0;
06df : 800c853d;
06e0 : 0d04fd3d;
06e1 : 0d757754;
06e2 : 54723370;
06e3 : 81ff0652;
06e4 : 5270802e;
06e5 : a3387181;
06e6 : ff068114;
06e7 : ffbf1253;
06e8 : 54527099;
06e9 : 268938a0;
06ea : 127081ff;
06eb : 06535171;
06ec : 74708105;
06ed : 5634d239;
06ee : 80743485;
06ef : 3d0d04ff;
06f0 : bd3d0d80;
06f1 : c63d0852;
06f2 : a53d7052;
06f3 : 54ffb33f;
06f4 : 80c73d08;
06f5 : 52853d70;
06f6 : 5253ffa6;
06f7 : 3f725273;
06f8 : 51fedf3f;
06f9 : 80c53d0d;
06fa : 04fe3d0d;
06fb : 74765353;
06fc : 71708105;
06fd : 53335170;
06fe : 73708105;
06ff : 553470f0;
0700 : 38843d0d;
0701 : 04fe3d0d;
0702 : 74528072;
0703 : 33525370;
0704 : 732e8d38;
0705 : 81128114;
0706 : 71335354;
0707 : 5270f538;
0708 : 7283c080;
0709 : 0c843d0d;
070a : 04f63d0d;
070b : 7c7e6062;
070c : 5a5d5b56;
070d : 80598155;
070e : 8539747a;
070f : 29557452;
0710 : 755180f4;
0711 : ee3f83c0;
0712 : 80087a27;
0713 : ed387480;
0714 : 2e80e038;
0715 : 74527551;
0716 : 80f4d83f;
0717 : 83c08008;
0718 : 75537652;
0719 : 5480f4db;
071a : 3f83c080;
071b : 087a5375;
071c : 525680f4;
071d : be3f83c0;
071e : 80087930;
071f : 707b079f;
0720 : 2a707780;
0721 : 24075151;
0722 : 54557287;
0723 : 3883c080;
0724 : 08c23876;
0725 : 8118b016;
0726 : 55585889;
0727 : 74258b38;
0728 : b714537a;
0729 : 853880d7;
072a : 14537278;
072b : 34811959;
072c : ff9c3980;
072d : 77348c3d;
072e : 0d04f73d;
072f : 0d7b7d7f;
0730 : 62029005;
0731 : bb053357;
0732 : 59565a5a;
0733 : b0587283;
0734 : 38a05875;
0735 : 70708105;
0736 : 52337159;
0737 : 54559039;
0738 : 8074258e;
0739 : 38ff1477;
073a : 70810559;
073b : 33545472;
073c : ef3873ff;
073d : 15555380;
073e : 73258938;
073f : 77527951;
0740 : 782def39;
0741 : 75337557;
0742 : 5372802e;
0743 : 90387252;
0744 : 7951782d;
0745 : 75708105;
0746 : 573353ed;
0747 : 398b3d0d;
0748 : 04ee3d0d;
0749 : 64666969;
074a : 70708105;
074b : 52335b4a;
074c : 5c5e5e76;
074d : 802e82f9;
074e : 3876a52e;
074f : 09810682;
0750 : e0388070;
0751 : 41677070;
0752 : 81055233;
0753 : 714a5957;
0754 : 5f76b02e;
0755 : 0981068c;
0756 : 38757081;
0757 : 05573376;
0758 : 4857815f;
0759 : d0175675;
075a : 892680da;
075b : 3876675c;
075c : 59805c93;
075d : 39778a24;
075e : 80c3387b;
075f : 8a29187b;
0760 : 7081055d;
0761 : 335a5cd0;
0762 : 197081ff;
0763 : 06585889;
0764 : 7727a438;
0765 : ff9f1970;
0766 : 81ff06ff;
0767 : a91b5a51;
0768 : 56857627;
0769 : 9238ffbf;
076a : 197081ff;
076b : 06515675;
076c : 85268a38;
076d : c9195877;
076e : 8025ffb9;
076f : 387a477b;
0770 : 407881ff;
0771 : 06577680;
0772 : e42e80e5;
0773 : 387680e4;
0774 : 24a73876;
0775 : 80d82e81;
0776 : 86387680;
0777 : d8249038;
0778 : 76802e81;
0779 : cc3876a5;
077a : 2e81b638;
077b : 81b93976;
077c : 80e32e81;
077d : 8c3881af;
077e : 397680f5;
077f : 2e9b3876;
0780 : 80f5248b;
0781 : 387680f3;
0782 : 2e818138;
0783 : 81993976;
0784 : 80f82e80;
0785 : ca38818f;
0786 : 39913d70;
0787 : 55578053;
0788 : 8a527984;
0789 : 1b710853;
078a : 5b56fbfd;
078b : 3f7655ab;
078c : 3979841b;
078d : 7108943d;
078e : 705b5b52;
078f : 5b567580;
0790 : 258c3875;
0791 : 3056ad78;
0792 : 340280c1;
0793 : 05577654;
0794 : 80538a52;
0795 : 7551fbd1;
0796 : 3f77557e;
0797 : 54b83991;
0798 : 3d705577;
0799 : 80d83270;
079a : 30708025;
079b : 56515856;
079c : 90527984;
079d : 1b710853;
079e : 5b57fbad;
079f : 3f7555db;
07a0 : 3979841b;
07a1 : 83123354;
07a2 : 5b569839;
07a3 : 79841b71;
07a4 : 08575b56;
07a5 : 80547f53;
07a6 : 7c527d51;
07a7 : fc9c3f87;
07a8 : 3976527d;
07a9 : 517c2d66;
07aa : 70335881;
07ab : 0547fd83;
07ac : 39943d0d;
07ad : 047283c0;
07ae : 9c0c7183;
07af : c0a00c04;
07b0 : fb3d0d88;
07b1 : 3d707084;
07b2 : 05520857;
07b3 : 54755383;
07b4 : c09c0852;
07b5 : 83c0a008;
07b6 : 51fcc63f;
07b7 : 873d0d04;
07b8 : ff3d0d73;
07b9 : 70085351;
07ba : 02930533;
07bb : 72347008;
07bc : 8105710c;
07bd : 833d0d04;
07be : fc3d0d87;
07bf : 3d881155;
07c0 : 7854bde0;
07c1 : 5351fc99;
07c2 : 3f805287;
07c3 : 3d51d13f;
07c4 : 863d0d04;
07c5 : fc3d0d76;
07c6 : 557483c3;
07c7 : b8082eaf;
07c8 : 38805374;
07c9 : 5187cc3f;
07ca : 83c08008;
07cb : 81ff06ff;
07cc : 147081ff;
07cd : 06723070;
07ce : 9f2a5152;
07cf : 55535472;
07d0 : 802e8438;
07d1 : 71dd3873;
07d2 : fe387483;
07d3 : c3b80c86;
07d4 : 3d0d04ff;
07d5 : 3d0dff0b;
07d6 : 83c3b80c;
07d7 : 84b43f81;
07d8 : 5187903f;
07d9 : 83c08008;
07da : 81ff0652;
07db : 71ee3881;
07dc : d43f7183;
07dd : c0800c83;
07de : 3d0d04fc;
07df : 3d0d7602;
07e0 : 8405a205;
07e1 : 22028805;
07e2 : a605227a;
07e3 : 54555555;
07e4 : ff823f72;
07e5 : 802ea038;
07e6 : 83c3cc14;
07e7 : 33757081;
07e8 : 05573481;
07e9 : 147083ff;
07ea : ff06ff15;
07eb : 7083ffff;
07ec : 06565255;
07ed : 52dd3980;
07ee : 0b83c080;
07ef : 0c863d0d;
07f0 : 04fc3d0d;
07f1 : 76787a11;
07f2 : 56535580;
07f3 : 5371742e;
07f4 : 93387215;
07f5 : 51703383;
07f6 : c3cc1334;
07f7 : 81128114;
07f8 : 5452ea39;
07f9 : 800b83c0;
07fa : 800c863d;
07fb : 0d04fd3d;
07fc : 0d905483;
07fd : c3b80851;
07fe : 86fd3f83;
07ff : c0800881;
0800 : ff06ff15;
0801 : 71307130;
0802 : 7073079f;
0803 : 2a729f2a;
0804 : 06525552;
0805 : 555372db;
0806 : 38853d0d;
0807 : 04803d0d;
0808 : 83c3c408;
0809 : 832b83c3;
080a : c0080790;
080b : 80a80c82;
080c : 3d0d0480;
080d : 0b83c3c4;
080e : 0ce33f04;
080f : 810b83c3;
0810 : c40cda3f;
0811 : 04ed3f04;
0812 : 7183c3bc;
0813 : 0c04803d;
0814 : 0d8051f4;
0815 : 3f810b83;
0816 : c3c40c86;
0817 : 0b83c3c0;
0818 : 0cffba3f;
0819 : 823d0d04;
081a : 840b83c3;
081b : c00cffad;
081c : 3f04860b;
081d : 83c3c00c;
081e : ffa33f04;
081f : 830b83c3;
0820 : c00cff99;
0821 : 3f04870b;
0822 : 83c3c00c;
0823 : ff8f3f04;
0824 : 803d0d02;
0825 : 8b053390;
0826 : 80a40c90;
0827 : 80a80870;
0828 : 81065151;
0829 : 70f53890;
082a : 80a40870;
082b : 81ff0683;
082c : c0800c51;
082d : 823d0d04;
082e : 803d0d81;
082f : ff51d13f;
0830 : 83c08008;
0831 : 81ff0683;
0832 : c0800c82;
0833 : 3d0d0480;
0834 : 3d0d7390;
0835 : 2b730790;
0836 : 80b40c82;
0837 : 3d0d0404;
0838 : fb3d0d78;
0839 : 0284059f;
083a : 05337098;
083b : 2b555755;
083c : 7280259b;
083d : 387580ff;
083e : 06568052;
083f : 80f751e0;
0840 : 3f83c080;
0841 : 0881ff06;
0842 : 54738126;
0843 : 80fb38fe;
0844 : e13fffa4;
0845 : 3ffed13f;
0846 : ff9e3f75;
0847 : 51fef13f;
0848 : 74982a51;
0849 : feea3f74;
084a : 902a7081;
084b : ff065253;
084c : fede3f74;
084d : 882a7081;
084e : ff065253;
084f : fed23f74;
0850 : 81ff0651;
0851 : feca3f81;
0852 : 557580c0;
0853 : 2e098106;
0854 : 86388195;
0855 : 558d3975;
0856 : 80c82e09;
0857 : 81068438;
0858 : 81875574;
0859 : 51fea93f;
085a : 8a55fecc;
085b : 3f83c080;
085c : 0881ff06;
085d : 70982b54;
085e : 54728025;
085f : 8c38ff15;
0860 : 7081ff06;
0861 : 565374e2;
0862 : 387383c0;
0863 : 800c873d;
0864 : 0d04fa3d;
0865 : 0dfdb73f;
0866 : fdd83f8a;
0867 : 54fe993f;
0868 : ff147081;
0869 : ff065553;
086a : 73f33873;
086b : 74535580;
086c : c051feac;
086d : 3f83c080;
086e : 0881ff06;
086f : 5473812e;
0870 : 09810682;
0871 : 9f3883aa;
0872 : 5280c851;
0873 : fe923f83;
0874 : c0800881;
0875 : ff065372;
0876 : 812e0981;
0877 : 0681a838;
0878 : 7454873d;
0879 : 74115456;
087a : fdce3f83;
087b : c0800873;
087c : 34811470;
087d : 81ff0655;
087e : 53837427;
087f : e538029a;
0880 : 05335372;
0881 : 812e0981;
0882 : 0681d938;
0883 : 029b0533;
0884 : 5380ce90;
0885 : 547281aa;
0886 : 2e8d3881;
0887 : c73980e4;
0888 : 5194d23f;
0889 : ff145473;
088a : 802e81b8;
088b : 38820a52;
088c : 81e951fd;
088d : ab3f83c0;
088e : 800881ff;
088f : 065372de;
0890 : 38725280;
0891 : fa51fd98;
0892 : 3f83c080;
0893 : 0881ff06;
0894 : 53728190;
0895 : 38725473;
0896 : 1653fcdc;
0897 : 3f83c080;
0898 : 08733481;
0899 : 147081ff;
089a : 06555383;
089b : 7427e838;
089c : 873d3370;
089d : 862a7081;
089e : 06515454;
089f : 8c557280;
08a0 : e3388455;
08a1 : 80de3974;
08a2 : 5281e951;
08a3 : fcd23f83;
08a4 : c0800881;
08a5 : ff065382;
08a6 : 5581e956;
08a7 : 81732786;
08a8 : 38735580;
08a9 : c15680ce;
08aa : 90548a39;
08ab : 80e45193;
08ac : c43fff14;
08ad : 5473802e;
08ae : a9388052;
08af : 7551fca0;
08b0 : 3f83c080;
08b1 : 0881ff06;
08b2 : 5372e138;
08b3 : 84805280;
08b4 : d051fc8c;
08b5 : 3f83c080;
08b6 : 0881ff06;
08b7 : 5372802e;
08b8 : 83388055;
08b9 : 7483c3c8;
08ba : 34fb873f;
08bb : fbca3f88;
08bc : 3d0d04fb;
08bd : 3d0d7754;
08be : 800b83c3;
08bf : c8337083;
08c0 : 2a708106;
08c1 : 51555755;
08c2 : 72752e09;
08c3 : 81068538;
08c4 : 73892b54;
08c5 : 735280d1;
08c6 : 51fbc53f;
08c7 : 83c08008;
08c8 : 81ff0653;
08c9 : 72bd3882;
08ca : b8c054fb;
08cb : 8b3f83c0;
08cc : 800881ff;
08cd : 06537281;
08ce : ff2e0981;
08cf : 068938ff;
08d0 : 145473e7;
08d1 : 389f3972;
08d2 : 81fe2e09;
08d3 : 81069638;
08d4 : 83c7cc52;
08d5 : 83c3cc51;
08d6 : faf53ffa;
08d7 : db3ffad8;
08d8 : 3f833981;
08d9 : 55fa8b3f;
08da : face3f74;
08db : 81ff0683;
08dc : c0800c87;
08dd : 3d0d04fb;
08de : 3d0d7783;
08df : c3cc5654;
08e0 : f9e63f83;
08e1 : c3c83370;
08e2 : 832a7081;
08e3 : 06515456;
08e4 : 72853873;
08e5 : 892b5473;
08e6 : 5280d851;
08e7 : fac23f83;
08e8 : c0800881;
08e9 : ff065372;
08ea : 80e73881;
08eb : ff51f9e0;
08ec : 3f81fe51;
08ed : f9da3f84;
08ee : 80537470;
08ef : 81055633;
08f0 : 51f9cd3f;
08f1 : ff137083;
08f2 : ffff0651;
08f3 : 5372eb38;
08f4 : 7251f9bc;
08f5 : 3f7251f9;
08f6 : b73ff9dc;
08f7 : 3f83c080;
08f8 : 089f0653;
08f9 : a7885472;
08fa : 852e8c38;
08fb : 9e3980e4;
08fc : 5191823f;
08fd : ff1454f9;
08fe : bf3f83c0;
08ff : 800881ff;
0900 : 06537281;
0901 : ff2e8438;
0902 : 73e438f8;
0903 : e53ff9a8;
0904 : 3f800b83;
0905 : c0800c87;
0906 : 3d0d04fc;
0907 : 3d0d7679;
0908 : 55558053;
0909 : 74527751;
090a : 84d23f74;
090b : 83c0800c;
090c : 863d0d04;
090d : fd3d0d75;
090e : 78547753;
090f : 70525490;
0910 : ba3f7383;
0911 : c0800c85;
0912 : 3d0d04eb;
0913 : 3d0d6769;
0914 : 6b6d4041;
0915 : 41418045;
0916 : 80448043;
0917 : 80428070;
0918 : 71405b5c;
0919 : 92a23f80;
091a : 0b83c7dc;
091b : 0c800b83;
091c : c8b80c60;
091d : 51f4c93f;
091e : 7f5580d0;
091f : 0b83c7dc;
0920 : 0c805780;
0921 : 58881508;
0922 : 782e0981;
0923 : 068c388c;
0924 : 15338106;
0925 : 5473782e;
0926 : 83388158;
0927 : 80547977;
0928 : 2e098106;
0929 : 89387754;
092a : 81805677;
092b : 83387356;
092c : 7583c8b8;
092d : 0c83c7dc;
092e : 08a80556;
092f : 7408802e;
0930 : 8e388415;
0931 : 08527c51;
0932 : 74085473;
0933 : 2d8f3984;
0934 : 15085473;
0935 : 802e8638;
0936 : 7351f3e4;
0937 : 3f8c1533;
0938 : 70862a70;
0939 : 81065155;
093a : 5973802e;
093b : 903883c7;
093c : e0335473;
093d : 883882ab;
093e : e851f3c4;
093f : 3f7583c7;
0940 : dc0c7717;
0941 : 8c163370;
0942 : 842a7081;
0943 : 06515657;
0944 : 57738738;
0945 : 901555fe;
0946 : ea39868d;
0947 : a0518ed5;
0948 : 3f805292;
0949 : 3d70525b;
094a : 80e79f3f;
094b : 83527a51;
094c : 80e7973f;
094d : 64547382;
094e : a4386555;
094f : 80752583;
0950 : 3881547e;
0951 : 802e9338;
0952 : 73810654;
0953 : 73802e8a;
0954 : 387481ff;
0955 : 06527c51;
0956 : 7e2d621a;
0957 : 7009709f;
0958 : 2c720652;
0959 : 555a767a;
095a : 248438ff;
095b : 175abbf2;
095c : 3f80608c;
095d : 055757fc;
095e : 16085574;
095f : 8c387533;
0960 : 81065473;
0961 : 802e81bb;
0962 : 38815876;
0963 : 7a2e0981;
0964 : 0681ad38;
0965 : 63597880;
0966 : 2e8d3875;
0967 : 33780654;
0968 : 73802e83;
0969 : 38775e74;
096a : 802e81ab;
096b : 38753370;
096c : 81ff0670;
096d : 862a7081;
096e : 06515656;
096f : 5773802e;
0970 : 8c3883c7;
0971 : e0335473;
0972 : 802e818b;
0973 : 3874812a;
0974 : 70810651;
0975 : 5473802e;
0976 : 86388062;
0977 : 24b33874;
0978 : 822a7081;
0979 : 06515473;
097a : 802e8638;
097b : 618024a1;
097c : 3874832a;
097d : 70810651;
097e : 5473802e;
097f : 84387891;
0980 : 3876982b;
0981 : 54738025;
0982 : 80cd3865;
0983 : 802e80c7;
0984 : 38f81608;
0985 : 537a527c;
0986 : 51fc1608;
0987 : 54732d83;
0988 : c0800881;
0989 : ff065473;
098a : 802eac38;
098b : 75337085;
098c : 2a708106;
098d : 51555673;
098e : 802e9c38;
098f : 815c9e39;
0990 : 81175775;
0991 : 3370842a;
0992 : 70810651;
0993 : 55587387;
0994 : 38901656;
0995 : fea1397d;
0996 : 802efc88;
0997 : 387b83c0;
0998 : 800c973d;
0999 : 0d047183;
099a : c7d00c88;
099b : 80800b83;
099c : c7cc0c84;
099d : 80800b83;
099e : c7d40c04;
099f : fd3d0d77;
09a0 : 70175577;
09a1 : 05ff1a53;
09a2 : 5371ff2e;
09a3 : 94387370;
09a4 : 81055533;
09a5 : 51707370;
09a6 : 81055534;
09a7 : ff1252e9;
09a8 : 39853d0d;
09a9 : 04fb3d0d;
09aa : 87a6810b;
09ab : 83c7d008;
09ac : 56567533;
09ad : 83a68016;
09ae : 34a05483;
09af : a0805383;
09b0 : c7d00852;
09b1 : 83c7cc08;
09b2 : 51ffb13f;
09b3 : a05483a4;
09b4 : 805383c7;
09b5 : d0085283;
09b6 : c7cc0851;
09b7 : ff9e3f90;
09b8 : 5483a880;
09b9 : 5383c7d0;
09ba : 085283c7;
09bb : cc0851ff;
09bc : 8b3fa053;
09bd : 805283c7;
09be : d40883a0;
09bf : 8005518a;
09c0 : fa3fa053;
09c1 : 805283c7;
09c2 : d40883a4;
09c3 : 8005518a;
09c4 : ea3f9053;
09c5 : 805283c7;
09c6 : d40883a8;
09c7 : 8005518a;
09c8 : da3fff76;
09c9 : 3483a080;
09ca : 54805383;
09cb : c7d00852;
09cc : 83c7d408;
09cd : 51fec53f;
09ce : 80d08054;
09cf : 83b08053;
09d0 : 83c7d008;
09d1 : 5283c7d4;
09d2 : 0851feb0;
09d3 : 3f8cb93f;
09d4 : a2548053;
09d5 : 83c7d408;
09d6 : 8c800552;
09d7 : 82b4e051;
09d8 : fe9a3f86;
09d9 : 0b87a883;
09da : 34800b87;
09db : a8823480;
09dc : 0b87a09a;
09dd : 34af0b87;
09de : a09634bf;
09df : 0b87a097;
09e0 : 34800b87;
09e1 : a098349f;
09e2 : 0b87a099;
09e3 : 34800b87;
09e4 : a09b34e0;
09e5 : 0b87a889;
09e6 : 34a20b87;
09e7 : a8803483;
09e8 : 0b87a48f;
09e9 : 34820b87;
09ea : a8813487;
09eb : 3d0d04fc;
09ec : 3d0d83a0;
09ed : 80548053;
09ee : 83c7d408;
09ef : 5283c7d0;
09f0 : 0851fdb8;
09f1 : 3f80d080;
09f2 : 5483b080;
09f3 : 5383c7d4;
09f4 : 085283c7;
09f5 : d00851fd;
09f6 : a33fa054;
09f7 : 83a08053;
09f8 : 83c7d408;
09f9 : 5283c7d0;
09fa : 0851fd90;
09fb : 3fa05483;
09fc : a4805383;
09fd : c7d40852;
09fe : 83c7d008;
09ff : 51fcfd3f;
0a00 : 905483a8;
0a01 : 805383c7;
0a02 : d4085283;
0a03 : c7d00851;
0a04 : fcea3f83;
0a05 : c7d00855;
0a06 : 83a68015;
0a07 : 3387a681;
0a08 : 34863d0d;
0a09 : 04fa3d0d;
0a0a : 78705255;
0a0b : ffbd9b3f;
0a0c : 83ffff0b;
0a0d : 83c08008;
0a0e : 25aa3874;
0a0f : 51ffbd9b;
0a10 : 3f83c080;
0a11 : 089e3883;
0a12 : c0800857;
0a13 : 883dfc05;
0a14 : 54848080;
0a15 : 5383c7d0;
0a16 : 08527451;
0a17 : ffbaab3f;
0a18 : ffb9e33f;
0a19 : 883d0d04;
0a1a : fa3d0d78;
0a1b : 705255ff;
0a1c : bcd83f83;
0a1d : ffff0b83;
0a1e : c0800825;
0a1f : 97388057;
0a20 : 883dfc05;
0a21 : 54848080;
0a22 : 5383c7d0;
0a23 : 08527451;
0a24 : ffbba93f;
0a25 : 883d0d04;
0a26 : 803d0d90;
0a27 : 80900881;
0a28 : 0683c080;
0a29 : 0c823d0d;
0a2a : 04ff3d0d;
0a2b : 90809070;
0a2c : 0870fe06;
0a2d : 7607720c;
0a2e : 5252833d;
0a2f : 0d04803d;
0a30 : 0d908090;
0a31 : 0870812c;
0a32 : 810683c0;
0a33 : 800c5182;
0a34 : 3d0d04ff;
0a35 : 3d0d9080;
0a36 : 90700870;
0a37 : fd067610;
0a38 : 07720c52;
0a39 : 52833d0d;
0a3a : 04803d0d;
0a3b : 90809008;
0a3c : 70822cbf;
0a3d : 0683c080;
0a3e : 0c51823d;
0a3f : 0d04ff3d;
0a40 : 0d908090;
0a41 : 700870fe;
0a42 : 83067682;
0a43 : 2b07720c;
0a44 : 5252833d;
0a45 : 0d04803d;
0a46 : 0d908090;
0a47 : 0870882c;
0a48 : 870683c0;
0a49 : 800c5182;
0a4a : 3d0d04ff;
0a4b : 3d0d9080;
0a4c : 90700870;
0a4d : f1ff0676;
0a4e : 882b0772;
0a4f : 0c525283;
0a50 : 3d0d0480;
0a51 : 3d0d9080;
0a52 : 9008708b;
0a53 : 2c810683;
0a54 : c0800c51;
0a55 : 823d0d04;
0a56 : ff3d0d90;
0a57 : 80907008;
0a58 : 70efff06;
0a59 : 768b2b07;
0a5a : 720c5252;
0a5b : 833d0d04;
0a5c : 803d0d90;
0a5d : 80900870;
0a5e : 912cbf06;
0a5f : 83c0800c;
0a60 : 51823d0d;
0a61 : 04ff3d0d;
0a62 : 90809070;
0a63 : 0870fc87;
0a64 : ffff0676;
0a65 : 912b0772;
0a66 : 0c525283;
0a67 : 3d0d0480;
0a68 : 3d0d9080;
0a69 : 90087099;
0a6a : 2c810683;
0a6b : c0800c51;
0a6c : 823d0d04;
0a6d : ff3d0d90;
0a6e : 80907008;
0a6f : 70ffbf0a;
0a70 : 0676992b;
0a71 : 07720c52;
0a72 : 52833d0d;
0a73 : 04803d0d;
0a74 : 90809008;
0a75 : 709a2c83;
0a76 : 0683c080;
0a77 : 0c51823d;
0a78 : 0d04ff3d;
0a79 : 0d908090;
0a7a : 700870cf;
0a7b : 0a06769a;
0a7c : 2b07720c;
0a7d : 5252833d;
0a7e : 0d04803d;
0a7f : 0d908090;
0a80 : 08709c2c;
0a81 : 870683c0;
0a82 : 800c5182;
0a83 : 3d0d04ff;
0a84 : 3d0d9080;
0a85 : 90700870;
0a86 : f10a0676;
0a87 : 9c2b0772;
0a88 : 0c525283;
0a89 : 3d0d0480;
0a8a : 3d0d9080;
0a8b : 9008709f;
0a8c : 2a83c080;
0a8d : 0c51823d;
0a8e : 0d04ff3d;
0a8f : 0d908090;
0a90 : 700870fe;
0a91 : 0a067077;
0a92 : 9f2b0773;
0a93 : 0c515252;
0a94 : 833d0d04;
0a95 : 803d0d90;
0a96 : 80bc0887;
0a97 : 0683c080;
0a98 : 0c823d0d;
0a99 : 04ff3d0d;
0a9a : 9080bc70;
0a9b : 0870f806;
0a9c : 7607720c;
0a9d : 5252833d;
0a9e : 0d04803d;
0a9f : 0d9080bc;
0aa0 : 0870842c;
0aa1 : 810683c0;
0aa2 : 800c5182;
0aa3 : 3d0d04ff;
0aa4 : 3d0d9080;
0aa5 : bc700870;
0aa6 : ef067684;
0aa7 : 2b07720c;
0aa8 : 5252833d;
0aa9 : 0d04803d;
0aaa : 0d9080bc;
0aab : 0870852c;
0aac : 810683c0;
0aad : 800c5182;
0aae : 3d0d04ff;
0aaf : 3d0d9080;
0ab0 : bc700870;
0ab1 : df067685;
0ab2 : 2b07720c;
0ab3 : 5252833d;
0ab4 : 0d04803d;
0ab5 : 0d9080bc;
0ab6 : 0870862c;
0ab7 : 810683c0;
0ab8 : 800c5182;
0ab9 : 3d0d04ff;
0aba : 3d0d9080;
0abb : bc700870;
0abc : ffbf0676;
0abd : 862b0772;
0abe : 0c525283;
0abf : 3d0d0480;
0ac0 : 3d0d9080;
0ac1 : d00883ff;
0ac2 : ff0683c0;
0ac3 : 800c823d;
0ac4 : 0d04ff3d;
0ac5 : 0d9080d0;
0ac6 : 700870fc;
0ac7 : 80800676;
0ac8 : 07720c52;
0ac9 : 52833d0d;
0aca : 04803d0d;
0acb : 9080d008;
0acc : 70902c81;
0acd : ff0683c0;
0ace : 800c5182;
0acf : 3d0d04ff;
0ad0 : 3d0d9080;
0ad1 : d0700870;
0ad2 : f883ffff;
0ad3 : 0676902b;
0ad4 : 07720c52;
0ad5 : 52833d0d;
0ad6 : 04803d0d;
0ad7 : 9080d008;
0ad8 : 70982c81;
0ad9 : 0683c080;
0ada : 0c51823d;
0adb : 0d04ff3d;
0adc : 0d9080d0;
0add : 700870fe;
0ade : ff0a0676;
0adf : 982b0772;
0ae0 : 0c525283;
0ae1 : 3d0d0480;
0ae2 : 3d0d9080;
0ae3 : d0087099;
0ae4 : 2c810683;
0ae5 : c0800c51;
0ae6 : 823d0d04;
0ae7 : ff3d0d90;
0ae8 : 80d07008;
0ae9 : 70ffbf0a;
0aea : 0676992b;
0aeb : 07720c52;
0aec : 52833d0d;
0aed : 04803d0d;
0aee : 9080d008;
0aef : 709a2c81;
0af0 : 0683c080;
0af1 : 0c51823d;
0af2 : 0d04ff3d;
0af3 : 0d9080d0;
0af4 : 700870df;
0af5 : 0a06769a;
0af6 : 2b07720c;
0af7 : 5252833d;
0af8 : 0d04803d;
0af9 : 0d908080;
0afa : 0870882c;
0afb : 810683c0;
0afc : 800c5182;
0afd : 3d0d0480;
0afe : 3d0d9080;
0aff : 80087089;
0b00 : 2c810683;
0b01 : c0800c51;
0b02 : 823d0d04;
0b03 : 803d0d90;
0b04 : 80800870;
0b05 : 8a2c8106;
0b06 : 83c0800c;
0b07 : 51823d0d;
0b08 : 04803d0d;
0b09 : 90808008;
0b0a : 708b2c81;
0b0b : 0683c080;
0b0c : 0c51823d;
0b0d : 0d04803d;
0b0e : 0d908080;
0b0f : 08708c2c;
0b10 : bf0683c0;
0b11 : 800c5182;
0b12 : 3d0d0480;
0b13 : 3d0d9080;
0b14 : 80087092;
0b15 : 2c810683;
0b16 : c0800c51;
0b17 : 823d0d04;
0b18 : 803d0d90;
0b19 : 80800870;
0b1a : 932c8106;
0b1b : 83c0800c;
0b1c : 51823d0d;
0b1d : 04719080;
0b1e : a00c04fe;
0b1f : 3d0d7575;
0b20 : ff195353;
0b21 : 5370ff2e;
0b22 : 8d387272;
0b23 : 70810554;
0b24 : 34ff1151;
0b25 : f039843d;
0b26 : 0d04fe3d;
0b27 : 0d7575ff;
0b28 : 19535353;
0b29 : 70ff2e8d;
0b2a : 38727270;
0b2b : 8405540c;
0b2c : ff1151f0;
0b2d : 39843d0d;
0b2e : 04fe3d0d;
0b2f : 88805380;
0b30 : 5288800a;
0b31 : 51ffb43f;
0b32 : 82805380;
0b33 : 5282800a;
0b34 : 51c83f74;
0b35 : 802e8738;
0b36 : 800b87aa;
0b37 : 8034843d;
0b38 : 0d04fe3d;
0b39 : 0d745281;
0b3a : 51f7be3f;
0b3b : 71802e9f;
0b3c : 388051f9;
0b3d : bf3f8053;
0b3e : 71812e09;
0b3f : 81068338;
0b40 : 71537251;
0b41 : ffb33f83;
0b42 : c7d83351;
0b43 : f9a63f81;
0b44 : 51f7c03f;
0b45 : 8051f7bb;
0b46 : 3f8051f7;
0b47 : 8c3f843d;
0b48 : 0d04fd3d;
0b49 : 0d755280;
0b4a : 5480ff72;
0b4b : 25883881;
0b4c : 0bff8013;
0b4d : 5354ffbf;
0b4e : 12517099;
0b4f : 268638e0;
0b50 : 1252b039;
0b51 : ff9f1251;
0b52 : 997127a7;
0b53 : 38d012e0;
0b54 : 13545170;
0b55 : 89268538;
0b56 : 72529839;
0b57 : 728f2685;
0b58 : 3872528f;
0b59 : 3971ba2e;
0b5a : 09810685;
0b5b : 389a5283;
0b5c : 39805273;
0b5d : 802e8538;
0b5e : 81801252;
0b5f : 7181ff06;
0b60 : 83c0800c;
0b61 : 853d0d04;
0b62 : 803d0d84;
0b63 : 98c05180;
0b64 : 71708105;
0b65 : 53347084;
0b66 : a0c02e09;
0b67 : 8106f038;
0b68 : 823d0d04;
0b69 : fe3d0d02;
0b6a : 97053351;
0b6b : fef43f83;
0b6c : c0800881;
0b6d : ff0683c7;
0b6e : dc085452;
0b6f : 8073249b;
0b70 : 3883c8b4;
0b71 : 08137283;
0b72 : c8b80807;
0b73 : 53537173;
0b74 : 3483c7dc;
0b75 : 08810583;
0b76 : c7dc0c84;
0b77 : 3d0d04fb;
0b78 : 3d0d8056;
0b79 : 873dfc05;
0b7a : 54785379;
0b7b : 527751ff;
0b7c : b0ca3f87;
0b7d : 3d0d04fe;
0b7e : 3d0d83c7;
0b7f : f8085274;
0b80 : 51ffb7ce;
0b81 : 3f83c080;
0b82 : 088c3876;
0b83 : 53755283;
0b84 : c7f80851;
0b85 : ca3f843d;
0b86 : 0d04fe3d;
0b87 : 0d83c7f8;
0b88 : 08537552;
0b89 : 7451ffb2;
0b8a : 8c3f83c0;
0b8b : 80088d38;
0b8c : 77537652;
0b8d : 83c7f808;
0b8e : 51ffa43f;
0b8f : 843d0d04;
0b90 : f73d0d80;
0b91 : d9833f83;
0b92 : c0800881;
0b93 : ff06ff05;
0b94 : 57768338;
0b95 : 8157819f;
0b96 : dd3f83c0;
0b97 : 800883c0;
0b98 : 8008565a;
0b99 : 87153354;
0b9a : 73802e80;
0b9b : e1387408;
0b9c : 82a6e42e;
0b9d : 09810680;
0b9e : d538800b;
0b9f : 91163355;
0ba0 : 5973792e;
0ba1 : 80c83874;
0ba2 : 569a1633;
0ba3 : 5473832e;
0ba4 : 098106a6;
0ba5 : 38a41670;
0ba6 : 33555880;
0ba7 : 52735180;
0ba8 : d6ec3f80;
0ba9 : 53805273;
0baa : 5180d78b;
0bab : 3f811454;
0bac : 76742583;
0bad : 38805473;
0bae : 78348119;
0baf : 80d81791;
0bb0 : 17335657;
0bb1 : 5978742e;
0bb2 : 098106ff;
0bb3 : bc3881c4;
0bb4 : 158ca01b;
0bb5 : 55557474;
0bb6 : 2e098106;
0bb7 : ff86388b;
0bb8 : 3d0d04f6;
0bb9 : 3d0d819e;
0bba : cd3f83c0;
0bbb : 80087d83;
0bbc : c0800858;
0bbd : 595b7783;
0bbe : c7dc0c87;
0bbf : 16335574;
0bc0 : 802e81a7;
0bc1 : 38750854;
0bc2 : 7382aa8c;
0bc3 : 2e098106;
0bc4 : 93389016;
0bc5 : 33538716;
0bc6 : 335282ac;
0bc7 : f051dfa0;
0bc8 : 3f818839;
0bc9 : 7382a6e4;
0bca : 2e098106;
0bcb : 80fd3874;
0bcc : 5282ad84;
0bcd : 51df893f;
0bce : 80709118;
0bcf : 33565b59;
0bd0 : 73792e80;
0bd1 : e638a416;
0bd2 : 57f61733;
0bd3 : 5579802e;
0bd4 : 9138ff15;
0bd5 : 54738226;
0bd6 : 8938a818;
0bd7 : 7083c7dc;
0bd8 : 0c587481;
0bd9 : 2e098106;
0bda : 873882ad;
0bdb : 8c518d39;
0bdc : 74822e09;
0bdd : 81068a38;
0bde : 82ad9451;
0bdf : dec23f95;
0be0 : 3974832e;
0be1 : 0981068f;
0be2 : 38763381;
0be3 : 055282ad;
0be4 : a051deac;
0be5 : 3f815a81;
0be6 : 1980d818;
0be7 : 91183356;
0be8 : 58597874;
0be9 : 2e098106;
0bea : ff9f38a8;
0beb : 1881c417;
0bec : 8ca01d56;
0bed : 57587574;
0bee : 2e098106;
0bef : feb8388c;
0bf0 : 3d0d0480;
0bf1 : 3d0d7284;
0bf2 : 2982b5c8;
0bf3 : 05700883;
0bf4 : c0800c51;
0bf5 : 823d0d04;
0bf6 : 803d0d72;
0bf7 : 842982b5;
0bf8 : e4057008;
0bf9 : 83c0800c;
0bfa : 51823d0d;
0bfb : 04f63d0d;
0bfc : 7c82b7fc;
0bfd : 5255ffb3;
0bfe : cb3f9080;
0bff : 90085a90;
0c00 : 80bc085b;
0c01 : 79587a59;
0c02 : 74842e09;
0c03 : 810680c0;
0c04 : 3883c7e0;
0c05 : 33557480;
0c06 : 2e819b38;
0c07 : 83c7fc08;
0c08 : 5382adf0;
0c09 : 5283c080;
0c0a : 0851ffae;
0c0b : 883f83c0;
0c0c : 80088182;
0c0d : 3883c080;
0c0e : 08578c3d;
0c0f : ec115555;
0c10 : 8853f815;
0c11 : 5283c7fc;
0c12 : 0851ffab;
0c13 : ef3f9739;
0c14 : 8c3df805;
0c15 : 53885274;
0c16 : 80c08029;
0c17 : 83c88408;
0c18 : 055181ba;
0c19 : bc3f7793;
0c1a : f8808306;
0c1b : 7aec87ff;
0c1c : fc060770;
0c1d : 5b908090;
0c1e : 0c7a9080;
0c1f : bc0c8056;
0c20 : f3d23f82;
0c21 : 0b83c080;
0c22 : 08258e38;
0c23 : f3c63f83;
0c24 : c0800885;
0c25 : 24833881;
0c26 : 568055f3;
0c27 : dd3f83c0;
0c28 : 8008812e;
0c29 : 09810686;
0c2a : 3883c080;
0c2b : 08557552;
0c2c : 745181bd;
0c2d : e93f8c3d;
0c2e : 0d04f73d;
0c2f : 0d7b82b7;
0c30 : fc5256ff;
0c31 : b1fe3f90;
0c32 : 80900859;
0c33 : 9080bc08;
0c34 : 5a75842e;
0c35 : 09810680;
0c36 : d53883c7;
0c37 : e0335574;
0c38 : 802e82a8;
0c39 : 3883c7fc;
0c3a : 085382ad;
0c3b : f05283c0;
0c3c : 800851ff;
0c3d : acbf3f83;
0c3e : c0800855;
0c3f : 83c08008;
0c40 : 828a3883;
0c41 : c0800852;
0c42 : 83c7fc08;
0c43 : 51ffaae0;
0c44 : 3f74588b;
0c45 : 3df41155;
0c46 : 558853f8;
0c47 : 155283c7;
0c48 : fc0851ff;
0c49 : a8e43fff;
0c4a : a89c3f81;
0c4b : df39f8d8;
0c4c : 3f800b83;
0c4d : c7dc0c80;
0c4e : 0b83c8b8;
0c4f : 0c82adfc;
0c50 : 51dafd3f;
0c51 : 80d00b83;
0c52 : c7dc0c82;
0c53 : ae9051da;
0c54 : ef3f81a0;
0c55 : 0b83c7dc;
0c56 : 0c82aea4;
0c57 : 51dae13f;
0c58 : 86ac8080;
0c59 : 538c8080;
0c5a : 5283c884;
0c5b : 085181b8;
0c5c : b03f82ae;
0c5d : b051dac8;
0c5e : 3f8c8080;
0c5f : 5283c884;
0c60 : 085181b9;
0c61 : f53f82ae;
0c62 : bc51dab4;
0c63 : 3f885480;
0c64 : 53758d2b;
0c65 : 86ac8080;
0c66 : 11538c3d;
0c67 : f8055255;
0c68 : e9da3f81;
0c69 : bda23f81;
0c6a : 80805480;
0c6b : 53758180;
0c6c : 802986b0;
0c6d : 80800552;
0c6e : 83c08008;
0c6f : 51e9bd3f;
0c70 : 81bcfb3f;
0c71 : 80c08054;
0c72 : 805386ae;
0c73 : 80801552;
0c74 : 83c08008;
0c75 : 51e9a53f;
0c76 : 83c88408;
0c77 : fe800683;
0c78 : c8873370;
0c79 : 3070972a;
0c7a : 82800686;
0c7b : ac808073;
0c7c : 31578c80;
0c7d : 80055557;
0c7e : 575181b9;
0c7f : ed3f82ae;
0c80 : c851d9bc;
0c81 : 3fbd84c0;
0c82 : 51f4ea3f;
0c83 : 8b3d0d04;
0c84 : fd3d0d83;
0c85 : c7e03354;
0c86 : 73802e81;
0c87 : 963883c7;
0c88 : f80851ff;
0c89 : a9a43f83;
0c8a : c0800854;
0c8b : 83c08008;
0c8c : 8180802e;
0c8d : 09810688;
0c8e : 3881bc8c;
0c8f : 3f80e539;
0c90 : 83c7f808;
0c91 : 51ffa982;
0c92 : 3f83c080;
0c93 : 085483c0;
0c94 : 800880d0;
0c95 : 802e0981;
0c96 : 06ab3881;
0c97 : bbea3f83;
0c98 : c08008b0;
0c99 : 80055373;
0c9a : 5283c7f8;
0c9b : 0851f6ef;
0c9c : 3f81bbd4;
0c9d : 3fa08053;
0c9e : 81ff5283;
0c9f : c0800851;
0ca0 : f3f93faf;
0ca1 : 3983c7f8;
0ca2 : 0851ffa8;
0ca3 : bd3f83c0;
0ca4 : 80085483;
0ca5 : c0800880;
0ca6 : c0802e09;
0ca7 : 81069438;
0ca8 : 81bb9b3f;
0ca9 : 83c08008;
0caa : 53735283;
0cab : c7f80851;
0cac : f6ad3f85;
0cad : 3d0d04fc;
0cae : 3d0d8053;
0caf : 86848080;
0cb0 : 527283ff;
0cb1 : ff067270;
0cb2 : 8405540c;
0cb3 : 81135383;
0cb4 : ffff7325;
0cb5 : ec388154;
0cb6 : 80538684;
0cb7 : 80805574;
0cb8 : 70840556;
0cb9 : 087383ff;
0cba : ff067132;
0cbb : 70307072;
0cbc : 07700970;
0cbd : 9f2c7906;
0cbe : 81195959;
0cbf : 51515451;
0cc0 : 5183ffff;
0cc1 : 7325d838;
0cc2 : 8191d1ac;
0cc3 : f80b8684;
0cc4 : 80800c86;
0cc5 : 84808033;
0cc6 : 86848081;
0cc7 : 33868480;
0cc8 : 82338684;
0cc9 : 80833386;
0cca : 84808008;
0ccb : 51515151;
0ccc : 51f6f2f5;
0ccd : 980b8684;
0cce : 80800c91;
0ccf : 0b868480;
0cd0 : 8034a20b;
0cd1 : 86848081;
0cd2 : 34b30b86;
0cd3 : 84808234;
0cd4 : 80c40b86;
0cd5 : 84808334;
0cd6 : 86848080;
0cd7 : 08518052;
0cd8 : 73722e9c;
0cd9 : 38811270;
0cda : 81065252;
0cdb : 70802e89;
0cdc : 38c80b87;
0cdd : a09a34ed;
0cde : 397087a0;
0cdf : 9a34e639;
0ce0 : 81127081;
0ce1 : 06525270;
0ce2 : 802e8938;
0ce3 : b80b87a0;
0ce4 : 9a34ed39;
0ce5 : 7087a09a;
0ce6 : 34e639fe;
0ce7 : 3d0d9080;
0ce8 : 80528684;
0ce9 : 808051ff;
0cea : a7c93f80;
0ceb : 5383c080;
0cec : 08732e09;
0ced : 81068c38;
0cee : 83c88008;
0cef : 5181ac99;
0cf0 : 3f815372;
0cf1 : 83c0800c;
0cf2 : 843d0d04;
0cf3 : f33d0d7f;
0cf4 : 70525dff;
0cf5 : a5f43f83;
0cf6 : c080085a;
0cf7 : 805bf3a8;
0cf8 : 3f7a83c7;
0cf9 : dc0c7a83;
0cfa : c8b80c82;
0cfb : aed451d5;
0cfc : cf3f80d0;
0cfd : 0b83c7dc;
0cfe : 0c82ae90;
0cff : 51d5c13f;
0d00 : 81a00b83;
0d01 : c7dc0c7a;
0d02 : 7a2582d8;
0d03 : 38795880;
0d04 : 59908080;
0d05 : 7a258538;
0d06 : 90808058;
0d07 : 7978317b;
0d08 : 537d525a;
0d09 : ffa4c93f;
0d0a : 8f3dfc11;
0d0b : 55785455;
0d0c : 86ac8080;
0d0d : 527c51ff;
0d0e : a4823f83;
0d0f : c0800880;
0d10 : 2e963878;
0d11 : 5582ab39;
0d12 : 78547453;
0d13 : 755282ae;
0d14 : e451d4ec;
0d15 : 3f828439;
0d16 : 83c08008;
0d17 : 597783c0;
0d18 : 80082e81;
0d19 : 9e3886ac;
0d1a : 80805c7b;
0d1b : 33568076;
0d1c : 81065657;
0d1d : 74772e84;
0d1e : 38818057;
0d1f : 75812a70;
0d20 : 81065155;
0d21 : 74802e86;
0d22 : 387680c0;
0d23 : 07577582;
0d24 : 2a708106;
0d25 : 51557480;
0d26 : 2e853876;
0d27 : a0075775;
0d28 : 832a7081;
0d29 : 06515574;
0d2a : 802e8538;
0d2b : 76900757;
0d2c : 75842a70;
0d2d : 81065155;
0d2e : 74802e85;
0d2f : 38768807;
0d30 : 5775852a;
0d31 : 70810651;
0d32 : 5574802e;
0d33 : 85387684;
0d34 : 07577586;
0d35 : 2a708106;
0d36 : 51557480;
0d37 : 2e853876;
0d38 : 82075775;
0d39 : 982b5574;
0d3a : 80258538;
0d3b : 76810757;
0d3c : 767c7081;
0d3d : 055e3481;
0d3e : 19597878;
0d3f : 2e098106;
0d40 : fee93882;
0d41 : aef851d3;
0d42 : b73f7752;
0d43 : 7a5181b2;
0d44 : e93f82ae;
0d45 : fc51d3a8;
0d46 : 3f86ac80;
0d47 : 80537752;
0d48 : 7a5181b3;
0d49 : c53f82af;
0d4a : 8051d394;
0d4b : 3f96800a;
0d4c : 5377527a;
0d4d : 5181b0e9;
0d4e : 3f805977;
0d4f : 792e9c38;
0d50 : 86ac8080;
0d51 : 19339680;
0d52 : 0a1a3356;
0d53 : 5675752e;
0d54 : 098106fd;
0d55 : f3388119;
0d56 : 59e13977;
0d57 : 1b5b7980;
0d58 : 24fdaa38;
0d59 : 82aec851;
0d5a : d2d63fbd;
0d5b : 84c051ee;
0d5c : 843f7483;
0d5d : c0800c8f;
0d5e : 3d0d04f9;
0d5f : 3d0d7982;
0d60 : b7fc5256;
0d61 : ffa8bd3f;
0d62 : 83c08008;
0d63 : 5775842e;
0d64 : 09810681;
0d65 : 833883c7;
0d66 : e0335574;
0d67 : 802e81d4;
0d68 : 3883c7f8;
0d69 : 085382af;
0d6a : 845283c0;
0d6b : 800851ff;
0d6c : a3833f83;
0d6d : c0800884;
0d6e : 38f8d53f;
0d6f : 83c7f808;
0d70 : 5382af94;
0d71 : 527651ff;
0d72 : a2eb3f83;
0d73 : c0800884;
0d74 : 38f8bd3f;
0d75 : 83c7fc08;
0d76 : 5382afa0;
0d77 : 527651ff;
0d78 : a2d33f83;
0d79 : c0800881;
0d7a : 8b38893d;
0d7b : fc055484;
0d7c : 80805386;
0d7d : a8808052;
0d7e : 83c7fc08;
0d7f : 51ffa0bc;
0d80 : 3f83c080;
0d81 : 08893877;
0d82 : 8480802e;
0d83 : 80e03880;
0d84 : 0b83c7d8;
0d85 : 3480dd39;
0d86 : 81b4a33f;
0d87 : 83c08008;
0d88 : 5380c080;
0d89 : 527580c0;
0d8a : 802983c8;
0d8b : 84080582;
0d8c : 80800551;
0d8d : 81aeea3f;
0d8e : 81b48d3f;
0d8f : 83c08008;
0d90 : 53818080;
0d91 : 52758180;
0d92 : 802983c8;
0d93 : 84080584;
0d94 : 80800551;
0d95 : 81aeca3f;
0d96 : 86a88080;
0d97 : 53848080;
0d98 : 5283c884;
0d99 : 08888080;
0d9a : 055181ae;
0d9b : b43f810b;
0d9c : 83c7d834;
0d9d : 83c7d833;
0d9e : 51e6b93f;
0d9f : 893d0d04;
0da0 : fe3d0dff;
0da1 : b80b87a0;
0da2 : 9a348052;
0da3 : 83c89851;
0da4 : 818fac3f;
0da5 : 815283c8;
0da6 : 8851818f;
0da7 : a23fb80b;
0da8 : 87a09a34;
0da9 : 800b83c7;
0daa : d8348053;
0dab : eb9d3f83;
0dac : c0800883;
0dad : 38815372;
0dae : 83c7e034;
0daf : 7281ff06;
0db0 : 5372802e;
0db1 : a238f9d3;
0db2 : 3f83c080;
0db3 : 08802e89;
0db4 : 38980b87;
0db5 : a09a348f;
0db6 : 398f0b87;
0db7 : a09a3483;
0db8 : c0800883;
0db9 : c7e03481;
0dba : b2cb3f80;
0dbb : 51fd8c3f;
0dbc : 8051f1f9;
0dbd : 3f8451fd;
0dbe : 823f8451;
0dbf : f1ef3f81;
0dc0 : 0b83c8b0;
0dc1 : 34a3943f;
0dc2 : 8251ebd6;
0dc3 : 3fb28a3f;
0dc4 : 843d0d04;
0dc5 : 83c08c08;
0dc6 : 0283c08c;
0dc7 : 0cfb3d0d;
0dc8 : 0280dba4;
0dc9 : 5383c08c;
0dca : 08fc050c;
0dcb : 8051cf85;
0dcc : 3f81a7ea;
0dcd : 3f82afac;
0dce : 0b83c3a4;
0dcf : 0c82afb0;
0dd0 : 0b83c39c;
0dd1 : 0c82afb4;
0dd2 : 0b83c3b4;
0dd3 : 0c82afb8;
0dd4 : 0b83c3b0;
0dd5 : 0c82afbc;
0dd6 : 0b83c3a8;
0dd7 : 0c800b83;
0dd8 : c7e40b83;
0dd9 : c08c08f8;
0dda : 050c83c0;
0ddb : 8c08f405;
0ddc : 0cff9ef7;
0ddd : 3f83c080;
0dde : 088605fc;
0ddf : 0683c08c;
0de0 : 08f0050c;
0de1 : 0283c08c;
0de2 : 08f00508;
0de3 : 310d833d;
0de4 : 7083c08c;
0de5 : 08f80508;
0de6 : 70840583;
0de7 : c08c08f8;
0de8 : 050c0c51;
0de9 : ff9b883f;
0dea : 83c08c08;
0deb : f4050881;
0dec : 0583c08c;
0ded : 08f4050c;
0dee : 83c08c08;
0def : f4050888;
0df0 : 2e098106;
0df1 : ffab3886;
0df2 : 94808051;
0df3 : dd983fff;
0df4 : 0b83c7dc;
0df5 : 0c800b83;
0df6 : c8b80c84;
0df7 : 98c00b83;
0df8 : c8b40c81;
0df9 : 51e1c23f;
0dfa : 8151e1e7;
0dfb : 3f8051e1;
0dfc : e23f8151;
0dfd : e2883f82;
0dfe : 51e2b03f;
0dff : 8051e385;
0e00 : 3f8051e3;
0e01 : af3f8051;
0e02 : e3d83f80;
0e03 : 51e4803f;
0e04 : 8051e2c4;
0e05 : 3fc80b87;
0e06 : a09a34fc;
0e07 : e33f83c0;
0e08 : 8c08fc05;
0e09 : 080d800b;
0e0a : 83c0800c;
0e0b : 873d0d83;
0e0c : c08c0c04;
0e0d : f53d0d7e;
0e0e : 893d7054;
0e0f : 71535855;
0e10 : afdc3f74;
0e11 : 842983c7;
0e12 : e4057008;
0e13 : 5256ff99;
0e14 : cc3f7654;
0e15 : 83c08008;
0e16 : 53811552;
0e17 : 82afc051;
0e18 : ccde3f8d;
0e19 : 3d0d04fe;
0e1a : 3d0de284;
0e1b : 3f82afd0;
0e1c : 5383c080;
0e1d : 08802e8f;
0e1e : 3883c7f4;
0e1f : 0851ff99;
0e20 : 9c3f83c0;
0e21 : 80085372;
0e22 : 5282afd8;
0e23 : 51ccb13f;
0e24 : 843d0d04;
0e25 : fc3d0d77;
0e26 : 79565473;
0e27 : 802e8938;
0e28 : 73085380;
0e29 : 73259c38;
0e2a : aea90b83;
0e2b : c3ac0c74;
0e2c : 842983c7;
0e2d : e4057008;
0e2e : 5253ffbe;
0e2f : 8e3f7208;
0e30 : 52973972;
0e31 : 80259638;
0e32 : 74842983;
0e33 : c7e40570;
0e34 : 085253ff;
0e35 : 98d93f80;
0e36 : 527451b9;
0e37 : 39881408;
0e38 : 802eb538;
0e39 : 74842983;
0e3a : c7e40570;
0e3b : 0883c7e4;
0e3c : 08720c83;
0e3d : c7e40c75;
0e3e : 52539f8a;
0e3f : 3f83c080;
0e40 : 08538051;
0e41 : 9f803f83;
0e42 : c0800852;
0e43 : 745199cf;
0e44 : 3f725280;
0e45 : 5199c83f;
0e46 : 863d0d04;
0e47 : fe3d0d75;
0e48 : 70085152;
0e49 : 807225b6;
0e4a : 3883c3b4;
0e4b : 0883c3a0;
0e4c : 0caf990b;
0e4d : 83c3ac0c;
0e4e : 83c7f408;
0e4f : 51ffbd8b;
0e50 : 3f83c7f4;
0e51 : 0851ffb9;
0e52 : ae3f83c0;
0e53 : 800881ff;
0e54 : 06705252;
0e55 : e0af3f81;
0e56 : 53719838;
0e57 : 94397180;
0e58 : 258f3883;
0e59 : c7f40851;
0e5a : ff97c43f;
0e5b : 8051e095;
0e5c : 3f805372;
0e5d : 83c0800c;
0e5e : 843d0d04;
0e5f : e9c23f04;
0e60 : fa3d0d86;
0e61 : 84808057;
0e62 : 8191d1ac;
0e63 : f8770c82;
0e64 : afe451ca;
0e65 : ab3f7608;
0e66 : 5282afec;
0e67 : 51caa13f;
0e68 : 86848083;
0e69 : 337081ff;
0e6a : 06565686;
0e6b : 84808233;
0e6c : 7081ff06;
0e6d : 55568684;
0e6e : 80813370;
0e6f : 81ff0654;
0e70 : 56763370;
0e71 : 81ff0653;
0e72 : 5682aff4;
0e73 : 51c9f13f;
0e74 : 86848082;
0e75 : 227083ff;
0e76 : ff065456;
0e77 : 76227083;
0e78 : ffff0653;
0e79 : 5682b088;
0e7a : 51c9d53f;
0e7b : 917734a2;
0e7c : 0b868480;
0e7d : 8134b30b;
0e7e : 86848082;
0e7f : 3480c40b;
0e80 : 86848083;
0e81 : 34760852;
0e82 : 82afec51;
0e83 : c9b23fa4;
0e84 : b47723fe;
0e85 : d7cd0b86;
0e86 : 84808223;
0e87 : 76085282;
0e88 : afec51c9;
0e89 : 9b3f883d;
0e8a : 0d04803d;
0e8b : 0d725180;
0e8c : 7134830b;
0e8d : 8112348c;
0e8e : 0b821234;
0e8f : 800b8312;
0e90 : 34810b84;
0e91 : 1234840b;
0e92 : 85123482;
0e93 : 3d0d04f8;
0e94 : 3d0d7a7c;
0e95 : 82113355;
0e96 : 5858800b;
0e97 : 83c8b808;
0e98 : 82b09453;
0e99 : 5556c8d8;
0e9a : 3f757324;
0e9b : b5387773;
0e9c : 2c8f0677;
0e9d : 335a5575;
0e9e : 792e0981;
0e9f : 068b3873;
0ea0 : 81803283;
0ea1 : c8b80c86;
0ea2 : 397383c8;
0ea3 : b80c7452;
0ea4 : 82b09851;
0ea5 : c8aa3ffc;
0ea6 : 13811757;
0ea7 : 53728025;
0ea8 : cd387383;
0ea9 : c8b80c8a;
0eaa : 3d0d04ff;
0eab : 3d0d82b0;
0eac : 9c51c88c;
0ead : 3fe0c83f;
0eae : 735283c0;
0eaf : 800851ff;
0eb0 : 8e3f833d;
0eb1 : 0d04ff3d;
0eb2 : 0d82b0a4;
0eb3 : 51c7f13f;
0eb4 : e0d73f83;
0eb5 : 145283c0;
0eb6 : 800851fe;
0eb7 : f23f833d;
0eb8 : 0d04803d;
0eb9 : 0d82b0ac;
0eba : 51c7d53f;
0ebb : e0eb3f83;
0ebc : c0800880;
0ebd : 2e883882;
0ebe : b0b451c7;
0ebf : c33fe187;
0ec0 : 3f83c080;
0ec1 : 08802e88;
0ec2 : 3882b0bc;
0ec3 : 51c7b13f;
0ec4 : e1a33f83;
0ec5 : c0800880;
0ec6 : 2e883882;
0ec7 : b0c451c7;
0ec8 : 9f3f823d;
0ec9 : 0d04fd3d;
0eca : 0d760284;
0ecb : 05970533;
0ecc : d0117081;
0ecd : ff065455;
0ece : 53547089;
0ecf : 26863872;
0ed0 : 740c9039;
0ed1 : ffbf1251;
0ed2 : 80537085;
0ed3 : 268738c9;
0ed4 : 12740c81;
0ed5 : 537283c0;
0ed6 : 800c853d;
0ed7 : 0d04f83d;
0ed8 : 0d7a7c7e;
0ed9 : 5a585680;
0eda : 59821633;
0edb : 54800b8b;
0edc : 3dfc0553;
0edd : 93183352;
0ede : 55ffab3f;
0edf : 83c08008;
0ee0 : 81ff0653;
0ee1 : 72752eb0;
0ee2 : 38753353;
0ee3 : 72752e89;
0ee4 : 38fc1481;
0ee5 : 165654f4;
0ee6 : 3978742b;
0ee7 : 705a8f75;
0ee8 : 2b70097a;
0ee9 : 08067207;
0eea : 7a0c5553;
0eeb : 75338105;
0eec : 53727634;
0eed : 81559339;
0eee : 901708ff;
0eef : 2e098106;
0ef0 : 89387533;
0ef1 : ff055372;
0ef2 : 76347533;
0ef3 : 81173371;
0ef4 : 06545472;
0ef5 : 76347483;
0ef6 : c0800c8a;
0ef7 : 3d0d04fb;
0ef8 : 3d0d7954;
0ef9 : de993f83;
0efa : c0800856;
0efb : 873dfc05;
0efc : 53785273;
0efd : 10147805;
0efe : 51fee33f;
0eff : 83c08008;
0f00 : 81ff0654;
0f01 : 73802e86;
0f02 : 387551de;
0f03 : 853f873d;
0f04 : 0d04fb3d;
0f05 : 0d7954de;
0f06 : 903f83c0;
0f07 : 80085687;
0f08 : 3dfc0553;
0f09 : 78527310;
0f0a : 14780551;
0f0b : feb03f83;
0f0c : c0800881;
0f0d : ff065473;
0f0e : 802e8638;
0f0f : 7551ddff;
0f10 : 3f873d0d;
0f11 : 04ff3d0d;
0f12 : 02930533;
0f13 : 527180d2;
0f14 : 2e993871;
0f15 : 80d2248a;
0f16 : 387180cd;
0f17 : 2ebf3880;
0f18 : d3397180;
0f19 : d72e9d38;
0f1a : 80ca3980;
0f1b : 52ddea3f;
0f1c : 83c08008;
0f1d : 722e0981;
0f1e : 06833881;
0f1f : 527151dd;
0f20 : ed3fb139;
0f21 : 8052ddff;
0f22 : 3f83c080;
0f23 : 08722e09;
0f24 : 81068338;
0f25 : 81527151;
0f26 : de823f98;
0f27 : 398052de;
0f28 : 943f83c0;
0f29 : 8008722e;
0f2a : 09810683;
0f2b : 38815271;
0f2c : 51de973f;
0f2d : 833d0d04;
0f2e : e13d0d89;
0f2f : 3d5680e0;
0f30 : 5382a1e4;
0f31 : 527551ce;
0f32 : d23f873d;
0f33 : 705255fa;
0f34 : d93f7454;
0f35 : 80f8c553;
0f36 : 755282b0;
0f37 : d451ceeb;
0f38 : 3fa13d0d;
0f39 : 04fd3d0d;
0f3a : 029b0533;
0f3b : 54b17424;
0f3c : ac38b474;
0f3d : 258f3873;
0f3e : 80c32e95;
0f3f : 387380c4;
0f40 : 2e983899;
0f41 : 39cf1453;
0f42 : 80528051;
0f43 : f7863f8d;
0f44 : 39805280;
0f45 : 51f8853f;
0f46 : 8439ff9c;
0f47 : 3f853d0d;
0f48 : 04cc3d0d;
0f49 : 863d5581;
0f4a : c05382a2;
0f4b : c4527451;
0f4c : cde93f80;
0f4d : 5480f9e5;
0f4e : 53745282;
0f4f : b0f451ce;
0f50 : 8a3fb63d;
0f51 : 0d04d7fb;
0f52 : 3f83c080;
0f53 : 08812e09;
0f54 : 81069138;
0f55 : 82b5b40b;
0f56 : 83c8a80c;
0f57 : 840b83c8;
0f58 : ac0c8f39;
0f59 : 82b5940b;
0f5a : 83c8a80c;
0f5b : 860b83c8;
0f5c : ac0c0480;
0f5d : 3d0d7251;
0f5e : d9da3f83;
0f5f : c0800871;
0f60 : 0cd9f73f;
0f61 : 83c08008;
0f62 : 84120cda;
0f63 : 993f83c0;
0f64 : 80088812;
0f65 : 0cdabb3f;
0f66 : 83c08008;
0f67 : 8c120c82;
0f68 : 3d0d04fe;
0f69 : 3d0d7494;
0f6a : 11539011;
0f6b : 5253819f;
0f6c : 8d3f81a0;
0f6d : ed3f83c0;
0f6e : 80089814;
0f6f : 0c843d0d;
0f70 : 04ff3d0d;
0f71 : 83c8b033;
0f72 : 5282b0fc;
0f73 : 51c1f13f;
0f74 : 833d0d04;
0f75 : ff3d0d83;
0f76 : c8b033ff;
0f77 : 0551ef9b;
0f78 : 3f83c8b0;
0f79 : 33ff0551;
0f7a : e4833f73;
0f7b : 51ff843f;
0f7c : fed43f83;
0f7d : 3d0d04fd;
0f7e : 3d0d7683;
0f7f : c8b03371;
0f80 : 08055353;
0f81 : 7183c8b0;
0f82 : 347181ff;
0f83 : 06528472;
0f84 : 27873884;
0f85 : 0b83c8b0;
0f86 : 3483c8b0;
0f87 : 33527187;
0f88 : 38810b83;
0f89 : c8b03488;
0f8a : 1308802e;
0f8b : 86387551;
0f8c : ffa23f85;
0f8d : 3d0d04fd;
0f8e : 3d0dd7eb;
0f8f : 3f82b188;
0f90 : 5483c080;
0f91 : 08853882;
0f92 : aed054d5;
0f93 : 9c3f7353;
0f94 : 83c08008;
0f95 : 5282abf0;
0f96 : 51c0e53f;
0f97 : 853d0d04;
0f98 : fd3d0d76;
0f99 : 54d5823f;
0f9a : 83c08008;
0f9b : 52881408;
0f9c : 802e9838;
0f9d : 8053d7af;
0f9e : 3f83c080;
0f9f : 08732e09;
0fa0 : 81068338;
0fa1 : 81537251;
0fa2 : d7b03f73;
0fa3 : 08537281;
0fa4 : 2e098106;
0fa5 : 86387110;
0fa6 : 528d3972;
0fa7 : ff2e0981;
0fa8 : 06853871;
0fa9 : 812c52a0;
0faa : 72258538;
0fab : a0528839;
0fac : 71802483;
0fad : 38815271;
0fae : 51d4c33f;
0faf : 853d0d04;
0fb0 : ff3d0da3;
0fb1 : f53f83c0;
0fb2 : 80085282;
0fb3 : b19451ff;
0fb4 : bfee3f83;
0fb5 : 3d0d04ff;
0fb6 : 3d0dd69e;
0fb7 : 3f7483c0;
0fb8 : 80087108;
0fb9 : 05515271;
0fba : 80258538;
0fbb : 80528839;
0fbc : 87722583;
0fbd : 38875271;
0fbe : 51d6943f;
0fbf : 833d0d04;
0fc0 : fc3d0dd4;
0fc1 : be3f83c0;
0fc2 : 80088429;
0fc3 : 82b58c05;
0fc4 : 55d4833f;
0fc5 : 83c08008;
0fc6 : 842983c8;
0fc7 : a8080575;
0fc8 : 08547008;
0fc9 : 535482b1;
0fca : a451ffbf;
0fcb : 933f863d;
0fcc : 0d04fe3d;
0fcd : 0d7552d3;
0fce : dd3f83c0;
0fcf : 80087208;
0fd0 : 05538812;
0fd1 : 08802e9b;
0fd2 : 388052d3;
0fd3 : f63f83c0;
0fd4 : 8008722e;
0fd5 : 09810683;
0fd6 : 38815271;
0fd7 : 51d3f93f;
0fd8 : fbe43f72;
0fd9 : 09709f2c;
0fda : 740683c8;
0fdb : ac085254;
0fdc : 52717325;
0fdd : 83387153;
0fde : 7251d3af;
0fdf : 3f843d0d;
0fe0 : 04ff3d0d;
0fe1 : 83c7f808;
0fe2 : 51ff8b91;
0fe3 : 3f83c080;
0fe4 : 085282b1;
0fe5 : b451ffbe;
0fe6 : a73f833d;
0fe7 : 0d04803d;
0fe8 : 0d83c3a4;
0fe9 : 0883c3a0;
0fea : 0caf990b;
0feb : 83c3ac0c;
0fec : 83c7f808;
0fed : 51ffb093;
0fee : 3fe4d53f;
0fef : 823d0d04;
0ff0 : fe3d0dd4;
0ff1 : 883f83c0;
0ff2 : 80088429;
0ff3 : 82b58405;
0ff4 : 70085353;
0ff5 : 82b1bc51;
0ff6 : ffbde53f;
0ff7 : 843d0d04;
0ff8 : ff3d0d80;
0ff9 : 52d3e63f;
0ffa : 83c08008;
0ffb : 722e0981;
0ffc : 06833881;
0ffd : 527151d3;
0ffe : e93f833d;
0fff : 0d04fe3d;
1000 : 0d747008;
1001 : 5253dfbb;
1002 : 3f83c080;
1003 : 085282b1;
1004 : c851ffbd;
1005 : ab3f843d;
1006 : 0d04ff3d;
1007 : 0d737571;
1008 : 08710805;
1009 : 70730c51;
100a : 52528671;
100b : 25843886;
100c : 720c7108;
100d : 80258438;
100e : 80720c83;
100f : 3d0d04fe;
1010 : 3d0d7484;
1011 : 11085253;
1012 : df8e3f83;
1013 : c0800852;
1014 : 82b1d051;
1015 : ffbce93f;
1016 : 843d0d04;
1017 : fe3d0d74;
1018 : 84110870;
1019 : 30841308;
101a : 71077009;
101b : 709f2a84;
101c : 160c5151;
101d : 51535184;
101e : 3d0d04fd;
101f : 3d0d7570;
1020 : 085253d3;
1021 : e03f8413;
1022 : 0851d483;
1023 : 3f881308;
1024 : 51d4a83f;
1025 : 8c130851;
1026 : d4cd3f80;
1027 : 54d3b53f;
1028 : 820b83c0;
1029 : 8008258e;
102a : 38d3a93f;
102b : 83c08008;
102c : 85248338;
102d : 81548053;
102e : d3c03f83;
102f : c0800881;
1030 : 2e098106;
1031 : 863883c0;
1032 : 80085373;
1033 : 52725181;
1034 : 9dcc3f85;
1035 : 3d0d04fe;
1036 : 3d0d7488;
1037 : 11085353;
1038 : 82b1e051;
1039 : ffbbd93f;
103a : 843d0d04;
103b : fe3d0d74;
103c : 88110870;
103d : 30881308;
103e : 71077009;
103f : 709f2a88;
1040 : 160c5151;
1041 : 51535184;
1042 : 3d0d04fe;
1043 : 3d0d748c;
1044 : 11085353;
1045 : 82b1f051;
1046 : ffbba53f;
1047 : 843d0d04;
1048 : fe3d0d74;
1049 : 8c110870;
104a : 308c1308;
104b : 71077009;
104c : 709f2a8c;
104d : 160c5151;
104e : 51535184;
104f : 3d0d04fb;
1050 : 3d0d7702;
1051 : 8405a305;
1052 : 33555581;
1053 : 567380ce;
1054 : 2e818338;
1055 : 7380ce24;
1056 : bb387380;
1057 : c12e8184;
1058 : 387380c1;
1059 : 248d38cf;
105a : 14537283;
105b : 2681ce38;
105c : 81bc3973;
105d : 80c42e80;
105e : f1387380;
105f : c4248b38;
1060 : 7380c32e;
1061 : 80fb3881;
1062 : b4397380;
1063 : c82e80e0;
1064 : 3881aa39;
1065 : 7380d32e;
1066 : 80e23873;
1067 : 80d32490;
1068 : 387380d0;
1069 : 2ea93873;
106a : 80d22eb2;
106b : 38818e39;
106c : 7380d82e;
106d : 80e43873;
106e : 80d8248a;
106f : 387380d6;
1070 : 2eb43880;
1071 : f8397380;
1072 : da2ebb38;
1073 : 80ef3975;
1074 : 84160c80;
1075 : ea39800b;
1076 : 84160c80;
1077 : e2398075;
1078 : 0c80dc39;
1079 : 75750c80;
107a : d6398475;
107b : 0c80d039;
107c : 83750c80;
107d : ca398575;
107e : 0c80c439;
107f : 82750cbf;
1080 : 3986750c;
1081 : ba398053;
1082 : 8c150873;
1083 : 2e098106;
1084 : 83387553;
1085 : 728c160c;
1086 : a6398053;
1087 : 88150873;
1088 : 2e098106;
1089 : 83387553;
108a : 7288160c;
108b : 9239d014;
108c : 537283c8;
108d : b0347451;
108e : f79a3f83;
108f : 39805686;
1090 : 75082584;
1091 : 3886750c;
1092 : 75812e09;
1093 : 81068838;
1094 : 80527451;
1095 : fca53f87;
1096 : 3d0d04ff;
1097 : 3d0d83c8;
1098 : b033ff05;
1099 : 51dcd33f;
109a : 833d0d04;
109b : 803d0d84;
109c : 51dcc73f;
109d : 823d0d04;
109e : ff3d0d83;
109f : c3a80883;
10a0 : c3a00caf;
10a1 : 990b83c3;
10a2 : ac0c83c7;
10a3 : f4700852;
10a4 : 52ffaab7;
10a5 : 3f710851;
10a6 : e2b23f83;
10a7 : 3d0d04f7;
10a8 : 3d0d8195;
10a9 : 8d3f82b2;
10aa : 845a83c0;
10ab : 80088538;
10ac : 82aed05a;
10ad : 8194ef3f;
10ae : 82b28c59;
10af : 83c08008;
10b0 : 853882ae;
10b1 : d05983c7;
10b2 : e03382b2;
10b3 : 94595776;
10b4 : 853882ae;
10b5 : d0587756;
10b6 : 79557854;
10b7 : 82b29853;
10b8 : 9080b008;
10b9 : 5282b2b0;
10ba : 51ffb7d4;
10bb : 3f8b3d0d;
10bc : 04fc3d0d;
10bd : 76981108;
10be : 55941108;
10bf : 54901108;
10c0 : 535582b2;
10c1 : c451ffb7;
10c2 : b73f863d;
10c3 : 0d04ff9c;
10c4 : 3d0d8e3d;
10c5 : 5682e053;
10c6 : 82a48452;
10c7 : 7551c1fb;
10c8 : 3ff4a33f;
10c9 : 873d7052;
10ca : 55f4c83f;
10cb : 7451f4f3;
10cc : 3f745481;
10cd : 82bf5375;
10ce : 5282b384;
10cf : 51c28c3f;
10d0 : 800b83c0;
10d1 : 800c80e6;
10d2 : 3d0d0480;
10d3 : 3d0d83c8;
10d4 : 98518185;
10d5 : cc3f83c8;
10d6 : 88518185;
10d7 : c43f823d;
10d8 : 0d04fd3d;
10d9 : 0de53f80;
10da : 53d1e03f;
10db : 83c08008;
10dc : 732e0981;
10dd : 06833881;
10de : 53800b83;
10df : c7e03353;
10e0 : 5471742e;
10e1 : 09810683;
10e2 : 38815472;
10e3 : 812e0981;
10e4 : 069f3873;
10e5 : 73065271;
10e6 : 802e9638;
10e7 : dffd3f83;
10e8 : c0800880;
10e9 : 2e863889;
10ea : f23f8639;
10eb : 83c08008;
10ec : 53800b83;
10ed : c7e03353;
10ee : 5471812e;
10ef : 09810683;
10f0 : 38715472;
10f1 : a9387381;
10f2 : 06527180;
10f3 : 2ea03889;
10f4 : ca3f7283;
10f5 : c7e45552;
10f6 : 73708405;
10f7 : 550851ff;
10f8 : 82cd3f81;
10f9 : 12527188;
10fa : 2e098106;
10fb : eb387283;
10fc : c7e034cf;
10fd : ed3f83c0;
10fe : 8008802e;
10ff : 86388051;
1100 : 80f939cf;
1101 : f23f83c0;
1102 : 8008802e;
1103 : 95388151;
1104 : d1d03ffe;
1105 : b63fcfdf;
1106 : 3f83c080;
1107 : 08f53880;
1108 : ec39cfe8;
1109 : 3f83c080;
110a : 08802e99;
110b : 388151c8;
110c : f83f8051;
110d : cafe3fc4;
110e : ec3f800b;
110f : 83c7dc0c;
1110 : fdcc3fa2;
1111 : 39cfda3f;
1112 : 83c08008;
1113 : 802ebe38;
1114 : 8151c8d5;
1115 : 3f8051ca;
1116 : db3fc4c9;
1117 : 3f800b83;
1118 : c7dc0cf1;
1119 : bc3f83c0;
111a : 800852ff;
111b : 0b83c7dc;
111c : 0cc6bc3f;
111d : 71802e88;
111e : 388151d0;
111f : e53f8e39;
1120 : 83c7d833;
1121 : 51caad3f;
1122 : 7151c89d;
1123 : 3f853d0d;
1124 : 04803d0d;
1125 : 81ff5180;
1126 : 0b83c8c0;
1127 : 1234ff11;
1128 : 5170f438;
1129 : 823d0d04;
112a : ff3d0d73;
112b : 70335351;
112c : 81113371;
112d : 34718112;
112e : 34833d0d;
112f : 04fb3d0d;
1130 : 77795656;
1131 : 80707155;
1132 : 55527175;
1133 : 25ac3872;
1134 : 16703370;
1135 : 147081ff;
1136 : 06555151;
1137 : 51717427;
1138 : 89388112;
1139 : 7081ff06;
113a : 53517181;
113b : 147083ff;
113c : ff065552;
113d : 54747324;
113e : d6387183;
113f : c0800c87;
1140 : 3d0d04f9;
1141 : 3d0d7957;
1142 : 80588056;
1143 : ffabe03f;
1144 : 83c08008;
1145 : 7690889c;
1146 : 0c83c080;
1147 : 08882a70;
1148 : 81069088;
1149 : 9c0c83c0;
114a : 800881ff;
114b : 0690889c;
114c : 0c5555ff;
114d : abe03f81;
114e : 16537373;
114f : 2e098106;
1150 : 9d3883c0;
1151 : 80089738;
1152 : 75175374;
1153 : 73347356;
1154 : 73852e09;
1155 : 8106ffb4;
1156 : 3877802e;
1157 : 8d388058;
1158 : 81f00b90;
1159 : 88a00cff;
115a : a13981ba;
115b : 0b90889c;
115c : 0cffaafb;
115d : 3f81da0b;
115e : 90889c0c;
115f : 90889008;
1160 : 90889c0c;
1161 : 763383c8;
1162 : c0348117;
1163 : 3383c8c1;
1164 : 34821733;
1165 : 83c8c234;
1166 : 83173383;
1167 : c8c33484;
1168 : 5283c8c0;
1169 : 51fe963f;
116a : 83c08008;
116b : 81ff0684;
116c : 18335553;
116d : 72742e8b;
116e : 3881ff0b;
116f : 9088a00c;
1170 : fec83980;
1171 : c40b9088;
1172 : a00c9088;
1173 : 9008ff11;
1174 : 9088900c;
1175 : 5380e451;
1176 : cd9b3f89;
1177 : 3d0d04f4;
1178 : 3d0d7e60;
1179 : 5955805d;
117a : 8075822b;
117b : 7183cadc;
117c : 120c83ca;
117d : f0175c5c;
117e : 57767a34;
117f : 910b9088;
1180 : a00c7777;
1181 : 2e84fb38;
1182 : 920b9088;
1183 : a00c765d;
1184 : 76527751;
1185 : ff80d93f;
1186 : a30b9088;
1187 : a00c8e3d;
1188 : fc055490;
1189 : 5383cac0;
118a : 527751ff;
118b : 808e3fb3;
118c : 0b9088a0;
118d : 0c7c5675;
118e : 902e0981;
118f : 0684c338;
1190 : 930b9088;
1191 : a00c83ca;
1192 : c051fcdc;
1193 : 3f83cac2;
1194 : 51fcd53f;
1195 : 83cac451;
1196 : fcce3f76;
1197 : 83cad034;
1198 : 7751fefd;
1199 : b83f82ab;
119a : b45283c0;
119b : 800851ff;
119c : a0873f83;
119d : c0800878;
119e : 5255fefd;
119f : a03f82ab;
11a0 : bc5283c0;
11a1 : 800851ff;
11a2 : 9fef3f83;
11a3 : c0800859;
11a4 : ff0b83ca;
11a5 : d8347481;
11a6 : 2e098106;
11a7 : 80d43876;
11a8 : 83caec0c;
11a9 : 820b83ca;
11aa : c034ff96;
11ab : 0b83cac1;
11ac : 347751ff;
11ad : 80943f83;
11ae : c0800855;
11af : 83c08008;
11b0 : 77258838;
11b1 : 83c08008;
11b2 : 8f055574;
11b3 : 842c7083;
11b4 : ffff0670;
11b5 : 882a5851;
11b6 : 557583ca;
11b7 : c2347483;
11b8 : cac33476;
11b9 : 83cac434;
11ba : ff800b83;
11bb : cac53482;
11bc : 8d3983c0;
11bd : 8008812e;
11be : 09810680;
11bf : f238fe80;
11c0 : 0b83caec;
11c1 : 0c820b83;
11c2 : cad034ff;
11c3 : 0b83cac0;
11c4 : 34ff0b83;
11c5 : cac13477;
11c6 : 51feffae;
11c7 : 3f83c080;
11c8 : 0883caf4;
11c9 : 0c83c080;
11ca : 085583c0;
11cb : 80088025;
11cc : 883883c0;
11cd : 80088f05;
11ce : 5574842c;
11cf : 7083ffff;
11d0 : 0670882a;
11d1 : 58515575;
11d2 : 83cac234;
11d3 : 7483cac3;
11d4 : 347683ca;
11d5 : c434ff80;
11d6 : 0b83cac5;
11d7 : 347883ca;
11d8 : cf347783;
11d9 : ccac0c76;
11da : 5192eb3f;
11db : 81a53983;
11dc : cac03383;
11dd : cac13371;
11de : 882b0756;
11df : 597483ff;
11e0 : ff2e0981;
11e1 : 0680e838;
11e2 : fe800b83;
11e3 : caec0c81;
11e4 : 0b83cad0;
11e5 : 34ff0b83;
11e6 : cac034ff;
11e7 : 0b83cac1;
11e8 : 347751fe;
11e9 : fea43f83;
11ea : c0800883;
11eb : caf40c83;
11ec : c0800855;
11ed : 83c08008;
11ee : 80258838;
11ef : 83c08008;
11f0 : 8f055574;
11f1 : 842c7083;
11f2 : ffff0670;
11f3 : 882a5851;
11f4 : 557583ca;
11f5 : c2347483;
11f6 : cac33476;
11f7 : 83cac434;
11f8 : ff800b83;
11f9 : cac53481;
11fa : 0b83cacf;
11fb : 34a53974;
11fc : 85962e09;
11fd : 8106818a;
11fe : 387583ca;
11ff : ec0c7751;
1200 : fefdd83f;
1201 : 83cacf33;
1202 : 83c08008;
1203 : 07557483;
1204 : cacf3494;
1205 : 0b9088a0;
1206 : 0c83cacf;
1207 : 33810655;
1208 : 74802e83;
1209 : 38845783;
120a : cac43383;
120b : cac53371;
120c : 882b0756;
120d : 5c748180;
120e : 2e098106;
120f : a13883ca;
1210 : c23383ca;
1211 : c3337188;
1212 : 2b075659;
1213 : ad807527;
1214 : 87387682;
1215 : 07579c39;
1216 : 76810757;
1217 : 96397482;
1218 : 802e0981;
1219 : 06873876;
121a : 83075787;
121b : 397481ff;
121c : 26903895;
121d : 0b9088a0;
121e : 0c7783ca;
121f : dc1c0c76;
1220 : 7a348e3d;
1221 : 0d04803d;
1222 : 0d728429;
1223 : 83cadc05;
1224 : 700883c0;
1225 : 800c5182;
1226 : 3d0d04fe;
1227 : 3d0dff0b;
1228 : 83c8bc34;
1229 : a80b83ca;
122a : d434ae51;
122b : ffa4833f;
122c : 800b83ca;
122d : dc545280;
122e : 73708405;
122f : 550c8112;
1230 : 5271842e;
1231 : 098106ef;
1232 : 38843d0d;
1233 : 04fd3d0d;
1234 : 80028405;
1235 : 97053302;
1236 : 88059605;
1237 : 33718280;
1238 : 2905028c;
1239 : 05950533;
123a : 52555252;
123b : 7080d02e;
123c : 80d93870;
123d : 80d0249f;
123e : 3870bf2e;
123f : b63870bf;
1240 : 248c38df;
1241 : 11517081;
1242 : 2680d438;
1243 : ac397080;
1244 : ce2eac38;
1245 : 80c93970;
1246 : 80d32ea9;
1247 : 387080d3;
1248 : 24893870;
1249 : 80d22eae;
124a : 38b53970;
124b : 80d72e9b;
124c : 38ad3981;
124d : 92fa52a7;
124e : 398193ca;
124f : 52a13981;
1250 : 94f1529b;
1251 : 398195e8;
1252 : 52953972;
1253 : 802e9038;
1254 : 8196d452;
1255 : 8a397280;
1256 : 2e853881;
1257 : 99a65271;
1258 : 83c0800c;
1259 : 853d0d04;
125a : 803d0d72;
125b : 82b7a011;
125c : 3383c080;
125d : 0c51823d;
125e : 0d04fd3d;
125f : 0d780284;
1260 : 05970533;
1261 : 70882b54;
1262 : 5553c0ee;
1263 : 3f83c080;
1264 : 0851d53f;
1265 : 83c08008;
1266 : 83c8c034;
1267 : 81730c71;
1268 : 9638c0d6;
1269 : 3f83c080;
126a : 0851ffbc;
126b : 3f83c080;
126c : 0883cad4;
126d : 348739a8;
126e : 0b83cad4;
126f : 3483cad4;
1270 : 33860588;
1271 : 140c853d;
1272 : 0d04f53d;
1273 : 0d7f6183;
1274 : cacf3381;
1275 : 06575a58;
1276 : 74802e89;
1277 : 38800b84;
1278 : 1a0c8189;
1279 : 3983caec;
127a : 08755d75;
127b : 575783ca;
127c : c23383ca;
127d : c3337185;
127e : 2b71832a;
127f : 07575c5a;
1280 : 74762ea4;
1281 : 38765277;
1282 : 51fef8e4;
1283 : 3f8d3dfc;
1284 : 05548180;
1285 : 5383c8c0;
1286 : 527751fe;
1287 : f6ec3f81;
1288 : 80178117;
1289 : 5757c739;
128a : fef69b3f;
128b : ff0b83c8;
128c : c034ff0b;
128d : 83c8c134;
128e : 820b83ca;
128f : c53383ca;
1290 : c4337088;
1291 : 2b720758;
1292 : 5a585674;
1293 : 762e8d38;
1294 : 800b83c8;
1295 : c0173481;
1296 : 1656f039;
1297 : 7681ff06;
1298 : 83cac433;
1299 : 70882b72;
129a : 077b0c5b;
129b : 558d3d0d;
129c : 04fb3d0d;
129d : 83cac233;
129e : 83cac333;
129f : 718c2b71;
12a0 : 842b0783;
12a1 : cac43383;
12a2 : cac53371;
12a3 : 882b0770;
12a4 : 83ffff06;
12a5 : 70743554;
12a6 : 545a5356;
12a7 : 5653810b;
12a8 : 83c8c034;
12a9 : 8b0b83c8;
12aa : c1347388;
12ab : 2a537283;
12ac : c8c23473;
12ad : 83c8c334;
12ae : 74828032;
12af : 70307080;
12b0 : 25822b51;
12b1 : 51537283;
12b2 : c8c53474;
12b3 : 882a5574;
12b4 : 83c8c634;
12b5 : 7583c8c7;
12b6 : 34ff0b83;
12b7 : c8c8347a;
12b8 : 538c730c;
12b9 : 873d0d04;
12ba : fd3d0d90;
12bb : 0b83cacf;
12bc : 33810652;
12bd : 5270802e;
12be : 83389852;
12bf : 83cac433;
12c0 : 83cac533;
12c1 : 71882b07;
12c2 : 52547081;
12c3 : 802e0981;
12c4 : 069c3883;
12c5 : cac23383;
12c6 : cac33371;
12c7 : 882b0752;
12c8 : 54ad8071;
12c9 : 278c3871;
12ca : 81800752;
12cb : 853971a0;
12cc : 07527183;
12cd : c8c03483;
12ce : cad83383;
12cf : c8c134e0;
12d0 : 0b83c8c2;
12d1 : 34800b83;
12d2 : c8c33478;
12d3 : 5184710c;
12d4 : 853d0d04;
12d5 : ffb53d0d;
12d6 : 80d03d08;
12d7 : 80d23d08;
12d8 : 02880582;
12d9 : b7053302;
12da : 8c0582b6;
12db : 05337182;
12dc : 80290558;
12dd : 59575a80;
12de : 7a5258fe;
12df : f6dd3f83;
12e0 : c0800878;
12e1 : 2e883877;
12e2 : 84170c82;
12e3 : 943983c0;
12e4 : 80088c17;
12e5 : 0c83caec;
12e6 : 08578375;
12e7 : 259b3883;
12e8 : cac43383;
12e9 : cac53371;
12ea : 882b07fc;
12eb : 17712979;
12ec : 05838005;
12ed : 5959598d;
12ee : 39748180;
12ef : 2917ff80;
12f0 : 05578180;
12f1 : 58805677;
12f2 : 762e9338;
12f3 : ff9ea03f;
12f4 : 83c08008;
12f5 : 83c8c017;
12f6 : 34811656;
12f7 : ea39ff9e;
12f8 : 8e3f83c0;
12f9 : 800881ff;
12fa : 06785383;
12fb : c8c05256;
12fc : f1cb3f83;
12fd : c0800881;
12fe : ff065575;
12ff : 752e0981;
1300 : 06819738;
1301 : 80c151ff;
1302 : 9dbc3f80;
1303 : e451c0e5;
1304 : 3f765279;
1305 : 51fef4d8;
1306 : 3f805c80;
1307 : cd3dfdfc;
1308 : 05547753;
1309 : 83c8c052;
130a : 7951fef2;
130b : dd3f0282;
130c : b5053355;
130d : 81597480;
130e : d72e0981;
130f : 0680c538;
1310 : 76527951;
1311 : fef4a93f;
1312 : 80cd3dfd;
1313 : f8055477;
1314 : 538d3d70;
1315 : 537a5257;
1316 : fef3e13f;
1317 : 80567776;
1318 : 2ea23875;
1319 : 1783c8c0;
131a : 17337133;
131b : 70723270;
131c : 30708025;
131d : 70307f06;
131e : 811d5d5f;
131f : 51515152;
1320 : 5b55db39;
1321 : 82ac51ff;
1322 : bfeb3f78;
1323 : 802e8638;
1324 : 80c35189;
1325 : 3980c551;
1326 : 843980ce;
1327 : 51ff9ca6;
1328 : 3f80cd3d;
1329 : 0d04f43d;
132a : 0d606202;
132b : 8805bb05;
132c : 33028c05;
132d : ba053371;
132e : 82802905;
132f : 5a575c59;
1330 : 805c800b;
1331 : 83cad033;
1332 : 56587481;
1333 : 2e098106;
1334 : 82d53883;
1335 : caf40880;
1336 : fc055580;
1337 : fd527451;
1338 : 93d13f83;
1339 : c080085a;
133a : 768224b2;
133b : 38ff1770;
133c : 872b83ff;
133d : ff800682;
133e : b5ec0583;
133f : c8c05957;
1340 : 55818055;
1341 : 75708105;
1342 : 57337770;
1343 : 81055934;
1344 : ff157081;
1345 : ff065155;
1346 : 74ea3882;
1347 : 83397682;
1348 : e82e81a3;
1349 : 387682e9;
134a : 2e098106;
134b : 81aa3877;
134c : 59778732;
134d : 70307072;
134e : 0780257a;
134f : 8a327030;
1350 : 70720780;
1351 : 25730753;
1352 : 545a5157;
1353 : 5575802e;
1354 : 97387878;
1355 : 269238a0;
1356 : 0b83c8c0;
1357 : 1a348119;
1358 : 7081ff06;
1359 : 5a55eb39;
135a : 81187081;
135b : ff065955;
135c : 8a7827ff;
135d : bc388f58;
135e : 83c8bb18;
135f : 3383c8c0;
1360 : 1934ff18;
1361 : 7081ff06;
1362 : 59557784;
1363 : 26ea3890;
1364 : 58800b83;
1365 : c8c01934;
1366 : 81187081;
1367 : ff067098;
1368 : 2b525955;
1369 : 748025e9;
136a : 3880c655;
136b : 79858f24;
136c : 843880c2;
136d : 557483c8;
136e : c03480f1;
136f : 0b83c8c3;
1370 : 34810b83;
1371 : c8c43479;
1372 : 83c8c134;
1373 : 79882c55;
1374 : 7483c8c2;
1375 : 3480c939;
1376 : 82f07725;
1377 : 80c23876;
1378 : 80fd29fd;
1379 : 97d30552;
137a : 7851fef1;
137b : 833f8e3d;
137c : f8055480;
137d : fd5383c8;
137e : c0527851;
137f : fef0bd3f;
1380 : 7b811858;
1381 : 567580fc;
1382 : 24833877;
1383 : 5776882c;
1384 : 557483c9;
1385 : bd347683;
1386 : c9be3475;
1387 : 83c9bf34;
1388 : 81807b0c;
1389 : 81813974;
138a : 822e0981;
138b : 06ad3878;
138c : 83ccac0c;
138d : 83cad854;
138e : 8e3dfc05;
138f : 537683ff;
1390 : ff065277;
1391 : 5186f63f;
1392 : 8d3d227b;
1393 : 0c83c080;
1394 : 0883ffff;
1395 : 06841c0c;
1396 : 80cd3983;
1397 : caec0858;
1398 : 8377259c;
1399 : 3883cac4;
139a : 3383cac5;
139b : 3371882b;
139c : 07fc1971;
139d : 297a0583;
139e : 80055a7c;
139f : 0c5a8e39;
13a0 : 76818029;
13a1 : 18ff8005;
13a2 : 5881807b;
13a3 : 0c775278;
13a4 : 51feefdc;
13a5 : 3f8e3df8;
13a6 : 05547a08;
13a7 : 5383c8c0;
13a8 : 527851fe;
13a9 : ef963f8e;
13aa : 3d0d04fe;
13ab : 3d0d7402;
13ac : 84059605;
13ad : 22535371;
13ae : 802e9738;
13af : 72708105;
13b0 : 543351ff;
13b1 : 98803fff;
13b2 : 127083ff;
13b3 : ff065152;
13b4 : e639843d;
13b5 : 0d04fe3d;
13b6 : 0d029205;
13b7 : 225382ac;
13b8 : 51ffbb91;
13b9 : 3f75802e;
13ba : 863880c3;
13bb : 51843980;
13bc : c551ff97;
13bd : d13f8196;
13be : 51ffbaf9;
13bf : 3f725283;
13c0 : c8c051ff;
13c1 : a63f7252;
13c2 : 83c8c051;
13c3 : ebaf3f83;
13c4 : c0800881;
13c5 : ff0651ff;
13c6 : 97ac3f84;
13c7 : 3d0d04ef;
13c8 : 3d0d913d;
13c9 : 70525ceb;
13ca : da3f913d;
13cb : 33cf1170;
13cc : 81ff0651;
13cd : 56567483;
13ce : 2681da38;
13cf : 758f06ff;
13d0 : 05588078;
13d1 : 248c3877;
13d2 : 822b5a83;
13d3 : cadc1a08;
13d4 : 8a38960b;
13d5 : 9088a00c;
13d6 : 81bb3902;
13d7 : 80c10533;
13d8 : 9088a40c;
13d9 : 02598057;
13da : 7619771d;
13db : 56567433;
13dc : 76348117;
13dd : 57857726;
13de : ef38f2d1;
13df : 3f83c080;
13e0 : 085b80e4;
13e1 : 51ffb9ed;
13e2 : 3f7a802e;
13e3 : 81803880;
13e4 : 5d815eff;
13e5 : 5f814080;
13e6 : c151ff96;
13e7 : a93fe9f1;
13e8 : 3f83c8bc;
13e9 : 33557775;
13ea : 2e9b3877;
13eb : 9088a40c;
13ec : 77832691;
13ed : 387783c8;
13ee : bc3483ca;
13ef : dc1a0852;
13f0 : 7751ec9b;
13f1 : 3f02943d;
13f2 : e8055578;
13f3 : 842983ca;
13f4 : dc057008;
13f5 : 55565980;
13f6 : 57761977;
13f7 : 1d565674;
13f8 : 33763481;
13f9 : 17578577;
13fa : 26ef387a;
13fb : 2d7f802e;
13fc : 8b387d52;
13fd : 02b20522;
13fe : 51fddb3f;
13ff : 7e558075;
1400 : 24933874;
1401 : 81ff0651;
1402 : ff95a73f;
1403 : 883980ce;
1404 : 51ff95b2;
1405 : 3f933d0d;
1406 : 04fe843f;
1407 : fc39fc3d;
1408 : 0d767871;
1409 : 842983ca;
140a : dc057008;
140b : 51535353;
140c : 709e3880;
140d : ce723480;
140e : cf0b8113;
140f : 3480ce0b;
1410 : 82133480;
1411 : c50b8313;
1412 : 34708413;
1413 : 3480e739;
1414 : 83caf013;
1415 : 335480d2;
1416 : 72347382;
1417 : 2a708106;
1418 : 515180cf;
1419 : 53708438;
141a : 80d75372;
141b : 811334a0;
141c : 0b821334;
141d : 73830651;
141e : 70812e9e;
141f : 38708124;
1420 : 88387080;
1421 : 2e8f389f;
1422 : 3970822e;
1423 : 92387083;
1424 : 2e923893;
1425 : 3980d855;
1426 : 8e3980d3;
1427 : 55893980;
1428 : cd558439;
1429 : 80c45574;
142a : 83133480;
142b : c40b8413;
142c : 34800b85;
142d : 1334863d;
142e : 0d04803d;
142f : 0dffb2ba;
1430 : 3f83c080;
1431 : 08842982;
1432 : b7a80570;
1433 : 0883c080;
1434 : 0c51823d;
1435 : 0d04fa3d;
1436 : 0d02a305;
1437 : 3357b053;
1438 : 80528151;
1439 : 8aab3f83;
143a : c8c05188;
143b : f43f83c8;
143c : c008848a;
143d : d0f0d82e;
143e : 0981068b;
143f : 3883c8c4;
1440 : 08848081;
1441 : 2e863880;
1442 : 5480f739;
1443 : 83c8c00b;
1444 : 92053370;
1445 : 81ff0655;
1446 : 559a5673;
1447 : 812e8338;
1448 : 92567583;
1449 : cb803474;
144a : 81ff0654;
144b : 82805573;
144c : 812e8438;
144d : 81805574;
144e : 83cafc23;
144f : 83c8c00b;
1450 : 9c050855;
1451 : a0537452;
1452 : 815189c5;
1453 : 3f83c080;
1454 : 08802ea9;
1455 : 3883c8c0;
1456 : 5188a03f;
1457 : 76822b17;
1458 : 83c8c833;
1459 : 71882905;
145a : 70842983;
145b : cb880577;
145c : 710c5151;
145d : 5483c8c0;
145e : 081555c8;
145f : 3983cafc;
1460 : 22547383;
1461 : c0800c88;
1462 : 3d0d04fe;
1463 : 3d0d0296;
1464 : 05220284;
1465 : 05920522;
1466 : 54730570;
1467 : 83ffff06;
1468 : 515181cb;
1469 : ba71278c;
146a : 38feb4c6;
146b : 117083ff;
146c : ff065151;
146d : 7083c080;
146e : 0c843d0d;
146f : 04ea3d0d;
1470 : 6b028405;
1471 : 80e30533;
1472 : 5f5d8070;
1473 : 71724648;
1474 : 465cff02;
1475 : 840580e6;
1476 : 05227105;
1477 : 83cb8033;
1478 : 70723581;
1479 : 057081ff;
147a : 06727436;
147b : 81057081;
147c : ff064d54;
147d : 5d585855;
147e : 41907d34;
147f : 6a5483ca;
1480 : fc227423;
1481 : 7b5478a8;
1482 : 2686aa38;
1483 : 999451ff;
1484 : b4e33f83;
1485 : cb843354;
1486 : 78742ebd;
1487 : 38787431;
1488 : 982b7098;
1489 : 2c515675;
148a : 7c258c38;
148b : 75307098;
148c : 2b70982c;
148d : 5157547b;
148e : 58807625;
148f : 9638a9b4;
1490 : 51ffb4b1;
1491 : 3f811870;
1492 : 83ffff06;
1493 : 59547578;
1494 : 24ec3880;
1495 : 51ffb49d;
1496 : 3f7883cb;
1497 : 843486ea;
1498 : 3f83c080;
1499 : 0883ffff;
149a : 067e822b;
149b : 7f11832b;
149c : 7b11822b;
149d : 83cb8411;
149e : 08595156;
149f : 435fa053;
14a0 : 74528151;
14a1 : 878b3f83;
14a2 : c8c05185;
14a3 : ee3f83c8;
14a4 : ca22ff1a;
14a5 : 83c8c833;
14a6 : 58555b73;
14a7 : 762e0981;
14a8 : 06858738;
14a9 : 7a802ea3;
14aa : 3883c8d4;
14ab : 08155588;
14ac : 53745281;
14ad : 5186da3f;
14ae : 83c8c051;
14af : 85d73f7a;
14b0 : 832b83c8;
14b1 : c0087131;
14b2 : 16565480;
14b3 : 5a847545;
14b4 : 407fff05;
14b5 : 64564080;
14b6 : 58777b27;
14b7 : 81e43888;
14b8 : 53745281;
14b9 : 5186aa3f;
14ba : 83c08008;
14bb : 802e81c6;
14bc : 3883c8c0;
14bd : 5185aa3f;
14be : 83c8c133;
14bf : 70842a70;
14c0 : 81065155;
14c1 : 577381ab;
14c2 : 3883c8c0;
14c3 : 33566676;
14c4 : 2e098106;
14c5 : 819d3883;
14c6 : c8c22270;
14c7 : 60315757;
14c8 : 79802ebf;
14c9 : 38758024;
14ca : 57798025;
14cb : 86387654;
14cc : 76b13880;
14cd : 76258338;
14ce : 8154807a;
14cf : 258f3873;
14d0 : 81065473;
14d1 : 802e8638;
14d2 : 79762497;
14d3 : 38807624;
14d4 : 54798025;
14d5 : 80dd3873;
14d6 : 802e80d7;
14d7 : 38757a25;
14d8 : 80d13875;
14d9 : 5a83c8c0;
14da : 0b820522;
14db : 83caf823;
14dc : 83c8c00b;
14dd : 8105337d;
14de : 347c3370;
14df : 822a7081;
14e0 : 06515556;
14e1 : 73802e88;
14e2 : 38758207;
14e3 : 54737d34;
14e4 : 7c337086;
14e5 : 2a708106;
14e6 : 51555673;
14e7 : 802e8a38;
14e8 : 62810570;
14e9 : 81ff0644;
14ea : 547783c8;
14eb : c00b8405;
14ec : 08465c88;
14ed : 15558118;
14ee : 7083ffff;
14ef : 065954fe;
14f0 : 98397c33;
14f1 : 5473802e;
14f2 : a63883fe;
14f3 : 3f81cbba;
14f4 : 5283c080;
14f5 : 0883ffff;
14f6 : 0651fbaf;
14f7 : 3f83c080;
14f8 : 0883ffff;
14f9 : 065183fd;
14fa : 3f7f8024;
14fb : fde33883;
14fc : caf82283;
14fd : cca8237c;
14fe : 33547380;
14ff : 2e833881;
1500 : 4662802e;
1501 : 80e13861;
1502 : 1e832b79;
1503 : 11822b83;
1504 : cb841108;
1505 : 83c8d408;
1506 : 05575154;
1507 : 88537452;
1508 : 815183ed;
1509 : 3f83c8c0;
150a : 51838b3f;
150b : 83c8c008;
150c : 5675802e;
150d : ab3883c8;
150e : c533577b;
150f : 772e0981;
1510 : 069b3883;
1511 : c8c43354;
1512 : 73902e09;
1513 : 81068e38;
1514 : 83c8c622;
1515 : 70902b70;
1516 : 902c5142;
1517 : 54751555;
1518 : 83c8c008;
1519 : ffb63864;
151a : 802eab38;
151b : 83cafc22;
151c : 537d8429;
151d : 1e708829;
151e : 1a708429;
151f : 83cb8405;
1520 : 70086805;
1521 : 55515154;
1522 : 81518385;
1523 : 3f83c080;
1524 : 0883ffff;
1525 : 065c6530;
1526 : 70670770;
1527 : 09709f2c;
1528 : 7f065f51;
1529 : 5154ff61;
152a : 25b23860;
152b : 83ffff06;
152c : 83cafc22;
152d : 56587775;
152e : 27a23883;
152f : c8c01854;
1530 : 83963f83;
1531 : c0800874;
1532 : 34811870;
1533 : 83ffff06;
1534 : 83cafc22;
1535 : 58595475;
1536 : 7826e038;
1537 : 83caf822;
1538 : 7083ffff;
1539 : 06716131;
153a : 7083ffff;
153b : 06535856;
153c : 54747f26;
153d : 8c3881cb;
153e : ba167083;
153f : ffff0651;
1540 : 5473527e;
1541 : 51f9843f;
1542 : 89b85283;
1543 : c0800883;
1544 : ffff0651;
1545 : f8f53f83;
1546 : c0800883;
1547 : ffff0651;
1548 : 81c33f8f;
1549 : d051ffae;
154a : cc3f7c33;
154b : 70095557;
154c : 737d347b;
154d : 547383c0;
154e : 800c983d;
154f : 0d04fe3d;
1550 : 0d747033;
1551 : 81123354;
1552 : 54518311;
1553 : 33713482;
1554 : 11338112;
1555 : 34718212;
1556 : 34728312;
1557 : 34843d0d;
1558 : 04ff3d0d;
1559 : 73841152;
155a : 52debd3f;
155b : 861251de;
155c : b73f9c12;
155d : 51c83f83;
155e : 3d0d04ff;
155f : 3d0d7370;
1560 : 5252ffba;
1561 : 3f8a1251;
1562 : de9e3f94;
1563 : 1251ffae;
1564 : 3f833d0d;
1565 : 04803d0d;
1566 : 7251ffa2;
1567 : 3f823d0d;
1568 : 04ff3d0d;
1569 : 73821152;
156a : 52ddfd3f;
156b : 841251ff;
156c : 8d3f833d;
156d : 0d04ff3d;
156e : 0d738611;
156f : 5252dde8;
1570 : 3f7151fe;
1571 : f93f833d;
1572 : 0d04803d;
1573 : 0d9080c8;
1574 : 0870832c;
1575 : 81057083;
1576 : ffff0683;
1577 : c0800c51;
1578 : 51823d0d;
1579 : 04ff3d0d;
157a : 028e0522;
157b : 52dc3f83;
157c : c0800883;
157d : ffff0672;
157e : 71315151;
157f : 70802586;
1580 : 3881cbba;
1581 : 11517083;
1582 : 2b9080a0;
1583 : 0c833d0d;
1584 : 04fa3d0d;
1585 : 7a568057;
1586 : 8cdbcf0b;
1587 : 9080c80c;
1588 : 795283cc;
1589 : ac0851fe;
158a : e0c63f88;
158b : 3dfc0554;
158c : 755383c8;
158d : c05283cc;
158e : ac0851fe;
158f : dffe3f75;
1590 : 77327030;
1591 : 70720770;
1592 : 09709f2a;
1593 : 83c0800c;
1594 : 51515656;
1595 : 883d0d04;
1596 : 9080cc08;
1597 : 83c0800c;
1598 : 04fc3d0d;
1599 : 76785354;
159a : 81538055;
159b : 87397110;
159c : 73105452;
159d : 73722651;
159e : 72802ea7;
159f : 3870802e;
15a0 : 86387180;
15a1 : 25e83872;
15a2 : 802e9838;
15a3 : 71742689;
15a4 : 38737231;
15a5 : 75740756;
15a6 : 5472812a;
15a7 : 72812a53;
15a8 : 53e53973;
15a9 : 51788338;
15aa : 74517083;
15ab : c0800c86;
15ac : 3d0d04fe;
15ad : 3d0d8053;
15ae : 75527451;
15af : ffa33f84;
15b0 : 3d0d04fe;
15b1 : 3d0d8153;
15b2 : 75527451;
15b3 : ff933f84;
15b4 : 3d0d04fb;
15b5 : 3d0d7779;
15b6 : 55558056;
15b7 : 74762586;
15b8 : 38743055;
15b9 : 81567380;
15ba : 25883873;
15bb : 30768132;
15bc : 57548053;
15bd : 73527451;
15be : fee73f83;
15bf : c0800854;
15c0 : 75802e87;
15c1 : 3883c080;
15c2 : 08305473;
15c3 : 83c0800c;
15c4 : 873d0d04;
15c5 : fa3d0d78;
15c6 : 7a575580;
15c7 : 57747725;
15c8 : 86387430;
15c9 : 55815775;
15ca : 9f2c5481;
15cb : 53757432;
15cc : 74315274;
15cd : 51feaa3f;
15ce : 83c08008;
15cf : 5476802e;
15d0 : 873883c0;
15d1 : 80083054;
15d2 : 7383c080;
15d3 : 0c883d0d;
15d4 : 04ff3d0d;
15d5 : 7552719f;
15d6 : 24893881;
15d7 : 722b7406;
15d8 : 518e3980;
15d9 : 5171bf24;
15da : 8e388172;
15db : 2b750651;
15dc : 70802e83;
15dd : 38815170;
15de : 83c0800c;
15df : 833d0d04;
15e0 : fa3d0d90;
15e1 : 80880890;
15e2 : 808c0856;
15e3 : 5680c10b;
15e4 : 82b7d458;
15e5 : 54767081;
15e6 : 05583353;
15e7 : 74527551;
15e8 : ffaf3f83;
15e9 : c0800880;
15ea : c3388114;
15eb : 5480da74;
15ec : 25e338b0;
15ed : 0b82b7c8;
15ee : 58547670;
15ef : 81055833;
15f0 : 53745275;
15f1 : 51ff8a3f;
15f2 : 83c08008;
15f3 : 9f388114;
15f4 : 54b97425;
15f5 : e538b453;
15f6 : 74527551;
15f7 : fef33fff;
15f8 : 5483c080;
15f9 : 08863883;
15fa : c0800854;
15fb : 7383c080;
15fc : 0c883d0d;
15fd : 04fc3d0d;
15fe : 76558075;
15ff : 0c800b84;
1600 : 160c800b;
1601 : 88160c80;
1602 : 0b8c160c;
1603 : fef23f83;
1604 : c0800890;
1605 : 160c83c8;
1606 : 985180dc;
1607 : 843f83c8;
1608 : 885180db;
1609 : fc3f87a6;
160a : 80337081;
160b : ff067071;
160c : 842a0651;
160d : 5152ffa7;
160e : fd3f7181;
160f : 2a813272;
1610 : 81327181;
1611 : 06718106;
1612 : 3184180c;
1613 : 54547183;
1614 : 2a813272;
1615 : 822a8132;
1616 : 70810672;
1617 : 7131780c;
1618 : 51535387;
1619 : a0903387;
161a : a0913370;
161b : 81ff0670;
161c : 73068132;
161d : 81068819;
161e : 0c515353;
161f : 83c08008;
1620 : 802e80c2;
1621 : 3883c080;
1622 : 08812a70;
1623 : 810683c0;
1624 : 80088106;
1625 : 3184170c;
1626 : 5283c080;
1627 : 08832a83;
1628 : c0800882;
1629 : 2a718106;
162a : 71810631;
162b : 770c5353;
162c : 83c08008;
162d : 842a8106;
162e : 88160c83;
162f : c0800885;
1630 : 2a81068c;
1631 : 160c863d;
1632 : 0d04fe3d;
1633 : 0d747654;
1634 : 527151fe;
1635 : a03f7281;
1636 : 2ea73881;
1637 : 73268d38;
1638 : 72822eb4;
1639 : 3872832e;
163a : a838e639;
163b : 7108e238;
163c : 841208dd;
163d : 38881208;
163e : d8389012;
163f : 08d338b0;
1640 : 39881208;
1641 : 812ea938;
1642 : 8c120881;
1643 : 2ea238c1;
1644 : 39881208;
1645 : 812e9938;
1646 : 71089538;
1647 : 84120890;
1648 : 388c1208;
1649 : 812e8938;
164a : 90120880;
164b : 2effa238;
164c : 843d0d04;
164d : fb3d0d78;
164e : 0284059f;
164f : 05335556;
1650 : 800b82a8;
1651 : d0565381;
1652 : 732b7406;
1653 : 5271802e;
1654 : 83388152;
1655 : 74708205;
1656 : 56227073;
1657 : 902b0790;
1658 : 809c0c51;
1659 : 81135372;
165a : 882e0981;
165b : 06d93880;
165c : 5383ccb4;
165d : 13335170;
165e : 81ff2eb8;
165f : 38701082;
1660 : a6f00570;
1661 : 22535171;
1662 : 81ff2ea8;
1663 : 38807317;
1664 : 70337010;
1665 : 82a6f005;
1666 : 70225151;
1667 : 51525471;
1668 : 712e9138;
1669 : 81145473;
166a : 862e0981;
166b : 06f13871;
166c : 90809c0c;
166d : 81135372;
166e : 862e0981;
166f : 06ffb238;
1670 : 80537216;
1671 : 70335151;
1672 : 7081ff2e;
1673 : 9a387010;
1674 : 82a6f005;
1675 : 70225151;
1676 : 7081ff2e;
1677 : 8a387084;
1678 : 80800790;
1679 : 809c0c81;
167a : 13537286;
167b : 2e098106;
167c : d1388053;
167d : 72165170;
167e : 3383ccb4;
167f : 14348113;
1680 : 5372862e;
1681 : 098106ec;
1682 : 38873d0d;
1683 : 0404fe3d;
1684 : 0d750284;
1685 : 05930533;
1686 : 81065252;
1687 : 70883871;
1688 : 9080940c;
1689 : 8e397081;
168a : 2e098106;
168b : 86387190;
168c : 80980c84;
168d : 3d0d04fb;
168e : 3d0d7898;
168f : 2b70982c;
1690 : 7b982b70;
1691 : 982c0290;
1692 : 059f0533;
1693 : 810683cc;
1694 : d0117033;
1695 : 70982b70;
1696 : 982c5158;
1697 : 5c5a5651;
1698 : 55515470;
1699 : 742e0981;
169a : 06943883;
169b : ccb01233;
169c : 70982b70;
169d : 982c5152;
169e : 5670732e;
169f : b1387375;
16a0 : 347283cc;
16a1 : b0133483;
16a2 : ccb13383;
16a3 : ccd13371;
16a4 : 982b7190;
16a5 : 2b0783cc;
16a6 : b0337088;
16a7 : 2b720783;
16a8 : ccd03371;
16a9 : 079080b8;
16aa : 0c525953;
16ab : 5452873d;
16ac : 0d04fe3d;
16ad : 0d748111;
16ae : 33713371;
16af : 882b0783;
16b0 : c0800c53;
16b1 : 51843d0d;
16b2 : 0483ccbc;
16b3 : 3383c080;
16b4 : 0c0483c0;
16b5 : 8c080283;
16b6 : c08c0cf5;
16b7 : 3d0d83c0;
16b8 : 8c088805;
16b9 : 0883c08c;
16ba : 088f0533;
16bb : 83c08c08;
16bc : 92052202;
16bd : 8c057390;
16be : 0583c08c;
16bf : 08e8050c;
16c0 : 83c08c08;
16c1 : f8050c83;
16c2 : c08c08f0;
16c3 : 050c83c0;
16c4 : 8c08ec05;
16c5 : 0c83c08c;
16c6 : 08f4050c;
16c7 : 800b83c0;
16c8 : 8c08f005;
16c9 : 0883c08c;
16ca : 08e0050c;
16cb : 83c08c08;
16cc : fc050c83;
16cd : c08c08f0;
16ce : 05088927;
16cf : 8a38890b;
16d0 : 83c08c08;
16d1 : e0050c83;
16d2 : c08c08e0;
16d3 : 05088605;
16d4 : 87fffc06;
16d5 : 83c08c08;
16d6 : e0050c02;
16d7 : 83c08c08;
16d8 : e0050831;
16d9 : 0d853d70;
16da : 5583c08c;
16db : 08ec0508;
16dc : 5483c08c;
16dd : 08f00508;
16de : 5383c08c;
16df : 08f40508;
16e0 : 5283c08c;
16e1 : 08e4050c;
16e2 : 80dbf43f;
16e3 : 83c08008;
16e4 : 81ff0683;
16e5 : c08c08e4;
16e6 : 050883c0;
16e7 : 8c08ec05;
16e8 : 0c83c08c;
16e9 : 08e0050c;
16ea : 83c08c08;
16eb : e0050880;
16ec : 2e8c3883;
16ed : c08c08f8;
16ee : 05080d89;
16ef : c83983c0;
16f0 : 8c08f005;
16f1 : 08802e89;
16f2 : a63883c0;
16f3 : 8c08ec05;
16f4 : 08810533;
16f5 : 83c08c08;
16f6 : e0050c83;
16f7 : c08c08e0;
16f8 : 0508842e;
16f9 : a938840b;
16fa : 83c08c08;
16fb : e0050825;
16fc : 88c73883;
16fd : c08c08e0;
16fe : 0508852e;
16ff : 859b3883;
1700 : c08c08e0;
1701 : 0508a12e;
1702 : 87ad3888;
1703 : ac39800b;
1704 : 83c08c08;
1705 : ec050885;
1706 : 053383c0;
1707 : 8c08e005;
1708 : 0c83c08c;
1709 : 08fc050c;
170a : 83c08c08;
170b : e0050883;
170c : 2e098106;
170d : 88833883;
170e : c08c08e8;
170f : 05088105;
1710 : 3383c08c;
1711 : 08e0050c;
1712 : 83c08c08;
1713 : e0050881;
1714 : 2687e638;
1715 : 810b83c0;
1716 : 8c08e005;
1717 : 0880d829;
1718 : 83c08c08;
1719 : e8050805;
171a : 83c08c08;
171b : e0050c83;
171c : c08c08fc;
171d : 050c83c0;
171e : 8c08ec05;
171f : 08820533;
1720 : 83c08c08;
1721 : e0050887;
1722 : 053483c0;
1723 : 8c08e805;
1724 : 08810533;
1725 : 7080d829;
1726 : 83c08c08;
1727 : e8050805;
1728 : 83c08c08;
1729 : e0050c83;
172a : c08c08e4;
172b : 050c800b;
172c : 83c08c08;
172d : e005088b;
172e : 053483c0;
172f : 8c08e805;
1730 : 08810533;
1731 : 7080d829;
1732 : 83c08c08;
1733 : e8050805;
1734 : 83c08c08;
1735 : e0050c83;
1736 : c08c08f4;
1737 : 050c800b;
1738 : 83c08c08;
1739 : e005088c;
173a : 053483c0;
173b : 8c08e805;
173c : 08810533;
173d : 7080d829;
173e : 83c08c08;
173f : e8050805;
1740 : 83c08c08;
1741 : e0050c83;
1742 : c08c08e4;
1743 : 050c800b;
1744 : 83c08c08;
1745 : e005088d;
1746 : 053483c0;
1747 : 8c08e805;
1748 : 08810533;
1749 : 7080d829;
174a : 83c08c08;
174b : e8050805;
174c : 83c08c08;
174d : e0050c83;
174e : c08c08f4;
174f : 050c800b;
1750 : 83c08c08;
1751 : e005088e;
1752 : 052383c0;
1753 : 8c08e805;
1754 : 08810533;
1755 : 7080d829;
1756 : 83c08c08;
1757 : e8050805;
1758 : 83c08c08;
1759 : e0050c83;
175a : c08c08e4;
175b : 050c800b;
175c : 83c08c08;
175d : e005088a;
175e : 053483c0;
175f : 8c08e805;
1760 : 08810533;
1761 : 7080d829;
1762 : 83c08c08;
1763 : e8050805;
1764 : 70940508;
1765 : fcffff06;
1766 : 7194050c;
1767 : 83c08c08;
1768 : e0050c83;
1769 : c08c08ec;
176a : 05088605;
176b : 3383c08c;
176c : 08e0050c;
176d : 83c08c08;
176e : f4050c83;
176f : c08c08e0;
1770 : 050883c0;
1771 : 8c08fc05;
1772 : 082e0981;
1773 : 06b63883;
1774 : c08c08e8;
1775 : 05088105;
1776 : 337080d8;
1777 : 2983c08c;
1778 : 08e80508;
1779 : 0583c08c;
177a : 08e0050c;
177b : 83c08c08;
177c : e4050c83;
177d : c08c08fc;
177e : 050883c0;
177f : 8c08e005;
1780 : 088b0534;
1781 : 83c08c08;
1782 : ec050887;
1783 : 053383c0;
1784 : 8c08e005;
1785 : 0c83c08c;
1786 : 08e00508;
1787 : 812e8f38;
1788 : 83c08c08;
1789 : e0050882;
178a : 2eb73884;
178b : 8c3983c0;
178c : 8c08e805;
178d : 08810533;
178e : 7080d829;
178f : 83c08c08;
1790 : e8050805;
1791 : 83c08c08;
1792 : e0050c83;
1793 : c08c08f4;
1794 : 050c820b;
1795 : 83c08c08;
1796 : e005088a;
1797 : 053483d9;
1798 : 3983c08c;
1799 : 08e80508;
179a : 81053370;
179b : 80d82983;
179c : c08c08e8;
179d : 05080583;
179e : c08c08e0;
179f : 050c83c0;
17a0 : 8c08e405;
17a1 : 0c83c08c;
17a2 : 08fc0508;
17a3 : 83c08c08;
17a4 : e005088a;
17a5 : 053483a1;
17a6 : 3983c08c;
17a7 : 08fc0508;
17a8 : 802e8395;
17a9 : 3883c08c;
17aa : 08ec0508;
17ab : 83053383;
17ac : 0683c08c;
17ad : 08e0050c;
17ae : 83c08c08;
17af : e0050883;
17b0 : 2e098106;
17b1 : 82f33883;
17b2 : c08c08ec;
17b3 : 05088205;
17b4 : 3370982b;
17b5 : 83c08c08;
17b6 : e0050c83;
17b7 : c08c08e4;
17b8 : 050c83c0;
17b9 : 8c08e005;
17ba : 08802582;
17bb : cc3883c0;
17bc : 8c08e805;
17bd : 08810533;
17be : 7080d829;
17bf : 83c08c08;
17c0 : e8050805;
17c1 : 83c08c08;
17c2 : e0050c83;
17c3 : c08c08f4;
17c4 : 050c83c0;
17c5 : 8c08ec05;
17c6 : 08860533;
17c7 : 83c08c08;
17c8 : e0050880;
17c9 : d6053483;
17ca : c08c08e0;
17cb : 05088405;
17cc : 83c08c08;
17cd : ec050882;
17ce : 05338f06;
17cf : 83c08c08;
17d0 : e4050c83;
17d1 : c08c08e0;
17d2 : 050c83c0;
17d3 : 8c08e405;
17d4 : 0883c08c;
17d5 : 08e00508;
17d6 : 3483c08c;
17d7 : 08ec0508;
17d8 : 84053383;
17d9 : c08c08e0;
17da : 05088105;
17db : 34800b83;
17dc : c08c08e0;
17dd : 05088205;
17de : 3483c08c;
17df : 08e00508;
17e0 : 08ff83ff;
17e1 : 06828007;
17e2 : 83c08c08;
17e3 : e005080c;
17e4 : 83c08c08;
17e5 : e8050881;
17e6 : 05338105;
17e7 : 83c08c08;
17e8 : e0050c83;
17e9 : c08c08e0;
17ea : 050883c0;
17eb : 8c08e805;
17ec : 08810534;
17ed : 81833983;
17ee : c08c08fc;
17ef : 0508802e;
17f0 : 80f73883;
17f1 : c08c08ec;
17f2 : 05088605;
17f3 : 3383c08c;
17f4 : 08e0050c;
17f5 : 83c08c08;
17f6 : e00508a2;
17f7 : 2e098106;
17f8 : 80d73883;
17f9 : c08c08ec;
17fa : 05088805;
17fb : 3383c08c;
17fc : 08ec0508;
17fd : 87053371;
17fe : 82802905;
17ff : 83c08c08;
1800 : e8050881;
1801 : 05337080;
1802 : d82983c0;
1803 : 8c08e805;
1804 : 080583c0;
1805 : 8c08e005;
1806 : 0c5283c0;
1807 : 8c08e405;
1808 : 0c83c08c;
1809 : 08f4050c;
180a : 83c08c08;
180b : e4050883;
180c : c08c08e0;
180d : 05088805;
180e : 2383c08c;
180f : 08ec0508;
1810 : 3383c08c;
1811 : 08f00508;
1812 : 71317083;
1813 : ffff0683;
1814 : c08c08f0;
1815 : 050c83c0;
1816 : 8c08e005;
1817 : 0c83c08c;
1818 : 08ec0508;
1819 : 0583c08c;
181a : 08ec050c;
181b : f6d03983;
181c : c08c08f8;
181d : 05080d83;
181e : c08c08f0;
181f : 050883c0;
1820 : 8c08e005;
1821 : 0c83c08c;
1822 : 08f80508;
1823 : 0d83c08c;
1824 : 08e00508;
1825 : 83c0800c;
1826 : 8d3d0d83;
1827 : c08c0c04;
1828 : 83c08c08;
1829 : 0283c08c;
182a : 0ce73d0d;
182b : 83c08c08;
182c : 88050802;
182d : 840583c0;
182e : 8c08e805;
182f : 0c83c08c;
1830 : 08d4050c;
1831 : 800b83cc;
1832 : d83483c0;
1833 : 8c08d405;
1834 : 08900583;
1835 : c08c08c4;
1836 : 050c800b;
1837 : 83c08c08;
1838 : c4050834;
1839 : 800b83c0;
183a : 8c08c405;
183b : 08810534;
183c : 800b83c0;
183d : 8c08c805;
183e : 0c83c08c;
183f : 08c80508;
1840 : 80d82983;
1841 : c08c08c4;
1842 : 05080583;
1843 : c08c08ff;
1844 : b8050c80;
1845 : 0b83c08c;
1846 : 08ffb805;
1847 : 0880d805;
1848 : 0c83c08c;
1849 : 08ffb805;
184a : 08840583;
184b : c08c08ff;
184c : b8050c83;
184d : c08c08c8;
184e : 050883c0;
184f : 8c08ffb8;
1850 : 05083488;
1851 : 0b83c08c;
1852 : 08ffb805;
1853 : 08810534;
1854 : 800b83c0;
1855 : 8c08ffb8;
1856 : 05088205;
1857 : 3483c08c;
1858 : 08ffb805;
1859 : 0808ffa1;
185a : ff06a080;
185b : 0783c08c;
185c : 08ffb805;
185d : 080c83c0;
185e : 8c08c805;
185f : 08810570;
1860 : 81ff0683;
1861 : c08c08c8;
1862 : 050c83c0;
1863 : 8c08ffb8;
1864 : 050c810b;
1865 : 83c08c08;
1866 : c8050827;
1867 : fedb3883;
1868 : c08c08ec;
1869 : 05705483;
186a : c08c08cc;
186b : 050c9252;
186c : 83c08c08;
186d : d4050851;
186e : 80cf9b3f;
186f : 83c08008;
1870 : 81ff0670;
1871 : 83c08c08;
1872 : ffb8050c;
1873 : 83c08c08;
1874 : ffbc050c;
1875 : 83c08c08;
1876 : ffbc0508;
1877 : 90c83883;
1878 : c08c08f4;
1879 : 0551f1ca;
187a : 3f83c080;
187b : 0883ffff;
187c : 0683c08c;
187d : 08f60552;
187e : 83c08c08;
187f : dc050cf1;
1880 : b13f83c0;
1881 : 800883ff;
1882 : ff0683c0;
1883 : 8c08fd05;
1884 : 3383c08c;
1885 : 08ffbc05;
1886 : 0883c08c;
1887 : 08c8050c;
1888 : 83c08c08;
1889 : c0050c83;
188a : c08c08d8;
188b : 050c83c0;
188c : 8c08c805;
188d : 0883c08c;
188e : 08c00508;
188f : 2780fe38;
1890 : 83c08c08;
1891 : cc050854;
1892 : 83c08c08;
1893 : c8050853;
1894 : 895283c0;
1895 : 8c08d405;
1896 : 085180ce;
1897 : a23f83c0;
1898 : 800881ff;
1899 : 0683c08c;
189a : 08ffbc05;
189b : 0c83c08c;
189c : 08ffbc05;
189d : 0883eb38;
189e : 83c08c08;
189f : ee0551f0;
18a0 : b13f83c0;
18a1 : 800883ff;
18a2 : ff065383;
18a3 : c08c08c8;
18a4 : 05085283;
18a5 : c08c08d4;
18a6 : 050851f0;
18a7 : b53f83c0;
18a8 : 8c08c805;
18a9 : 08810570;
18aa : 81ff0683;
18ab : c08c08c8;
18ac : 050c83c0;
18ad : 8c08ffb8;
18ae : 050cfef2;
18af : 3983c08c;
18b0 : 08c40508;
18b1 : 81053383;
18b2 : c08c08c0;
18b3 : 050c83c0;
18b4 : 8c08c005;
18b5 : 08839e38;
18b6 : 83c08c08;
18b7 : c0050883;
18b8 : c08c08ff;
18b9 : b8050c83;
18ba : c08c08dc;
18bb : 050888de;
18bc : 2e098106;
18bd : 8b38810b;
18be : 83c08c08;
18bf : ffb8050c;
18c0 : 83c08c08;
18c1 : d8050885;
18c2 : 8e2e0981;
18c3 : 0682c538;
18c4 : 817083c0;
18c5 : 8c08ffb8;
18c6 : 05080683;
18c7 : c08c08ff;
18c8 : b8050c83;
18c9 : c08c08c8;
18ca : 050c83c0;
18cb : 8c08ffb8;
18cc : 0508802e;
18cd : 829e3883;
18ce : c08c08c8;
18cf : 050883c0;
18d0 : 8c08c405;
18d1 : 08810534;
18d2 : 83c08c08;
18d3 : c0050883;
18d4 : c08c08c4;
18d5 : 05088705;
18d6 : 3483c08c;
18d7 : 08c00508;
18d8 : 83c08c08;
18d9 : c405088b;
18da : 053483c0;
18db : 8c08c005;
18dc : 0883c08c;
18dd : 08c40508;
18de : 8c053483;
18df : 0b83c08c;
18e0 : 08c40508;
18e1 : 8d053483;
18e2 : c08c08c0;
18e3 : 050883c0;
18e4 : 8c08c405;
18e5 : 088e0523;
18e6 : 830b83c0;
18e7 : 8c08c405;
18e8 : 088a0534;
18e9 : 83c08c08;
18ea : c4050894;
18eb : 05088380;
18ec : 800783c0;
18ed : 8c08c405;
18ee : 0894050c;
18ef : 83ccbc33;
18f0 : 7083c08c;
18f1 : 08c80508;
18f2 : 0583c08c;
18f3 : 08ffb805;
18f4 : 0c83c08c;
18f5 : 08ffbc05;
18f6 : 0c83c08c;
18f7 : 08ffb805;
18f8 : 0883ccbc;
18f9 : 3483c08c;
18fa : 08ffbc05;
18fb : 0883c08c;
18fc : 08c40508;
18fd : 94053483;
18fe : c08c08c8;
18ff : 050883c0;
1900 : 8c08c405;
1901 : 0880d605;
1902 : 3483c08c;
1903 : 08c80508;
1904 : 83c08c08;
1905 : c4050884;
1906 : 05348e0b;
1907 : 83c08c08;
1908 : c4050885;
1909 : 053483c0;
190a : 8c08c005;
190b : 0883c08c;
190c : 08c40508;
190d : 86053483;
190e : c08c08c4;
190f : 05088405;
1910 : 08ff83ff;
1911 : 06828007;
1912 : 83c08c08;
1913 : c4050884;
1914 : 050ca239;
1915 : 81db0b83;
1916 : c08c08ff;
1917 : b8050c8b;
1918 : c53983c0;
1919 : 8c08ffbc;
191a : 050883c0;
191b : 8c08ffb8;
191c : 050c8bb2;
191d : 3983c08c;
191e : 08f10533;
191f : 5283c08c;
1920 : 08d40508;
1921 : 5180caa7;
1922 : 3f800b83;
1923 : c08c08c4;
1924 : 05088105;
1925 : 3383c08c;
1926 : 08ffb805;
1927 : 0c83c08c;
1928 : 08c8050c;
1929 : 83c08c08;
192a : c8050883;
192b : c08c08ff;
192c : b8050827;
192d : 89b93883;
192e : c08c08c8;
192f : 050880d8;
1930 : 297083c0;
1931 : 8c08c405;
1932 : 08057088;
1933 : 05708305;
1934 : 3383c08c;
1935 : 08ffb805;
1936 : 0c83c08c;
1937 : 08cc050c;
1938 : 83c08c08;
1939 : ffbc050c;
193a : 83c08c08;
193b : e4050c83;
193c : c08c08ff;
193d : b8050886;
193e : fc3883c0;
193f : 8c08ffbc;
1940 : 05088d05;
1941 : 3383c08c;
1942 : 08d0050c;
1943 : 83c08c08;
1944 : d0050886;
1945 : e03883c0;
1946 : 8c08cc05;
1947 : 08220284;
1948 : 05718605;
1949 : 87fffc06;
194a : 83c08c08;
194b : ffb8050c;
194c : 83c08c08;
194d : e0050c83;
194e : c08c08c0;
194f : 050c0283;
1950 : c08c08ff;
1951 : b8050831;
1952 : 0d893d70;
1953 : 5983c08c;
1954 : 08c00508;
1955 : 5883c08c;
1956 : 08ffbc05;
1957 : 08870533;
1958 : 5783c08c;
1959 : 08ffb805;
195a : 0ca25583;
195b : c08c08d0;
195c : 05085486;
195d : 53818152;
195e : 83c08c08;
195f : d4050851;
1960 : bcb83f83;
1961 : c0800881;
1962 : ff0683c0;
1963 : 8c08d005;
1964 : 0c83c08c;
1965 : 08d00508;
1966 : 81c03883;
1967 : c08c08ff;
1968 : bc050896;
1969 : 055383c0;
196a : 8c08c005;
196b : 085283c0;
196c : 8c08ffb8;
196d : 0508519f;
196e : a83f83c0;
196f : 800881ff;
1970 : 0683c08c;
1971 : 08ffb805;
1972 : 0c83c08c;
1973 : 08ffb805;
1974 : 08802e81;
1975 : 853883c0;
1976 : 8c08ffbc;
1977 : 05089405;
1978 : 83c08c08;
1979 : ffbc0508;
197a : 96053370;
197b : 862a83c0;
197c : 8c08ffb8;
197d : 050c83c0;
197e : 8c08ffbc;
197f : 050c83c0;
1980 : 8c08c005;
1981 : 0c83c08c;
1982 : 08ffb805;
1983 : 08832e09;
1984 : 810680c6;
1985 : 3883c08c;
1986 : 08ffb805;
1987 : 0883c08c;
1988 : 08cc0508;
1989 : 82053483;
198a : ccbc3370;
198b : 810583c0;
198c : 8c08ffb8;
198d : 050c83c0;
198e : 8c08ffbc;
198f : 050c83c0;
1990 : 8c08ffb8;
1991 : 050883cc;
1992 : bc3483c0;
1993 : 8c08ffbc;
1994 : 050883c0;
1995 : 8c08c005;
1996 : 083483c0;
1997 : 8c08e005;
1998 : 080d83c0;
1999 : 8c08d005;
199a : 0881ff06;
199b : 83c08c08;
199c : ffbc050c;
199d : 83c08c08;
199e : ffbc0508;
199f : fbe43883;
19a0 : c08c08c8;
19a1 : 050883ed;
19a2 : 3883c08c;
19a3 : 08c80508;
19a4 : 83c08c08;
19a5 : ffb8050c;
19a6 : 83c08c08;
19a7 : dc050880;
19a8 : f92e0981;
19a9 : 068b3881;
19aa : 0b83c08c;
19ab : 08ffb805;
19ac : 0c83c08c;
19ad : 08d80508;
19ae : 912e0981;
19af : 06818138;
19b0 : 83c08c08;
19b1 : ffb80508;
19b2 : 810683c0;
19b3 : 8c08ffb8;
19b4 : 050c83c0;
19b5 : 8c08ffb8;
19b6 : 0508802e;
19b7 : 80e23885;
19b8 : 0b83c08c;
19b9 : 08c40508;
19ba : a60534a0;
19bb : 0b83c08c;
19bc : 08c40508;
19bd : a7053485;
19be : 0b83c08c;
19bf : 08c40508;
19c0 : a8053480;
19c1 : c00b83c0;
19c2 : 8c08c405;
19c3 : 08a90534;
19c4 : 860b83c0;
19c5 : 8c08c405;
19c6 : 08aa0534;
19c7 : 900b83c0;
19c8 : 8c08c405;
19c9 : 08ab0534;
19ca : 860b83c0;
19cb : 8c08c405;
19cc : 08ac0534;
19cd : a00b83c0;
19ce : 8c08c405;
19cf : 08ad0534;
19d0 : 83c08c08;
19d1 : dc050889;
19d2 : d8327030;
19d3 : 70802551;
19d4 : 5183c08c;
19d5 : 08ffb805;
19d6 : 0c83c08c;
19d7 : 08d80508;
19d8 : 83edec2e;
19d9 : 09810680;
19da : ec388170;
19db : 83c08c08;
19dc : ffb80508;
19dd : 0683c08c;
19de : 08ffb805;
19df : 0c83c08c;
19e0 : 08ffbc05;
19e1 : 0c83c08c;
19e2 : 08ffb805;
19e3 : 08802e80;
19e4 : c438840b;
19e5 : 83c08c08;
19e6 : c40508aa;
19e7 : 053480c0;
19e8 : 0b83c08c;
19e9 : 08c40508;
19ea : ab053484;
19eb : 0b83c08c;
19ec : 08c40508;
19ed : ac053490;
19ee : 0b83c08c;
19ef : 08c40508;
19f0 : ad053483;
19f1 : c08c08ff;
19f2 : bc050883;
19f3 : c08c08c4;
19f4 : 05088c05;
19f5 : 3483c08c;
19f6 : 08dc0508;
19f7 : 80f93270;
19f8 : 30708025;
19f9 : 515183c0;
19fa : 8c08ffb8;
19fb : 050c83c0;
19fc : 8c08d805;
19fd : 08862e09;
19fe : 8106ba38;
19ff : 817083c0;
1a00 : 8c08ffb8;
1a01 : 05080683;
1a02 : c08c08ff;
1a03 : b8050c83;
1a04 : c08c08ff;
1a05 : bc050c83;
1a06 : c08c08ff;
1a07 : b8050880;
1a08 : 2e933883;
1a09 : c08c08ff;
1a0a : bc050883;
1a0b : c08c08c4;
1a0c : 05088d05;
1a0d : 3483c08c;
1a0e : 08dc0508;
1a0f : b4b43270;
1a10 : 30708025;
1a11 : 515183c0;
1a12 : 8c08ffb8;
1a13 : 050c83c0;
1a14 : 8c08d805;
1a15 : 0890892e;
1a16 : 09810699;
1a17 : 3883c08c;
1a18 : 08ffb805;
1a19 : 08802e8d;
1a1a : 38820b83;
1a1b : c08c08c4;
1a1c : 05088d05;
1a1d : 3483c08c;
1a1e : 08e40508;
1a1f : 83c08c08;
1a20 : c4050805;
1a21 : 70840570;
1a22 : 83053383;
1a23 : c08c08ff;
1a24 : b8050c83;
1a25 : c08c08cc;
1a26 : 050c83c0;
1a27 : 8c08c005;
1a28 : 0c805880;
1a29 : 5783c08c;
1a2a : 08ffb805;
1a2b : 08568055;
1a2c : 80548a53;
1a2d : a15283c0;
1a2e : 8c08d405;
1a2f : 0851b5fa;
1a30 : 3f83c080;
1a31 : 0881ff06;
1a32 : 7030709f;
1a33 : 2a5183c0;
1a34 : 8c08ffb8;
1a35 : 050c83c0;
1a36 : 8c08ffbc;
1a37 : 050c83c0;
1a38 : 8c08ffbc;
1a39 : 0508a02e;
1a3a : 8c3883c0;
1a3b : 8c08ffb8;
1a3c : 0508f6ee;
1a3d : 3883c08c;
1a3e : 08c00508;
1a3f : 8b053383;
1a40 : c08c08ff;
1a41 : b8050c83;
1a42 : c08c08ff;
1a43 : b8050880;
1a44 : 2eb33883;
1a45 : c08c08cc;
1a46 : 05088305;
1a47 : 3383c08c;
1a48 : 08ffb805;
1a49 : 0c805880;
1a4a : 5783c08c;
1a4b : 08ffb805;
1a4c : 08568055;
1a4d : 80548b53;
1a4e : a15283c0;
1a4f : 8c08d405;
1a50 : 0851b4f6;
1a51 : 3f83c08c;
1a52 : 08c80508;
1a53 : 81057081;
1a54 : ff0683c0;
1a55 : 8c08c405;
1a56 : 08810533;
1a57 : 5283c08c;
1a58 : 08c8050c;
1a59 : 83c08c08;
1a5a : ffb8050c;
1a5b : f6b63980;
1a5c : 0b83c08c;
1a5d : 08c8050c;
1a5e : 83c08c08;
1a5f : c8050880;
1a60 : d82983c0;
1a61 : 8c08d405;
1a62 : 0805709a;
1a63 : 053383c0;
1a64 : 8c08ffbc;
1a65 : 050c83c0;
1a66 : 8c08ffb8;
1a67 : 050c83c0;
1a68 : 8c08ffbc;
1a69 : 0508822e;
1a6a : 098106bd;
1a6b : 3883c08c;
1a6c : 08ffb805;
1a6d : 08970533;
1a6e : 83ccd859;
1a6f : 83c08c08;
1a70 : ffb8050c;
1a71 : 815783c0;
1a72 : 8c08ffb8;
1a73 : 05085683;
1a74 : c08c08ff;
1a75 : bc050855;
1a76 : 80548953;
1a77 : a15283c0;
1a78 : 8c08d405;
1a79 : 0851b3d2;
1a7a : 3f83c08c;
1a7b : 08c80508;
1a7c : 81057081;
1a7d : ff0683c0;
1a7e : 8c08c805;
1a7f : 0c83c08c;
1a80 : 08ffb805;
1a81 : 0c810b83;
1a82 : c08c08c8;
1a83 : 050827fe;
1a84 : e738810b;
1a85 : 83c08c08;
1a86 : c4050834;
1a87 : 800b83c0;
1a88 : 8c08ffb8;
1a89 : 050c83c0;
1a8a : 8c08e805;
1a8b : 080d83c0;
1a8c : 8c08ffb8;
1a8d : 050883c0;
1a8e : 800c9b3d;
1a8f : 0d83c08c;
1a90 : 0c04f43d;
1a91 : 0d901f59;
1a92 : 800b811a;
1a93 : 33555b7a;
1a94 : 742781ad;
1a95 : 387a80d8;
1a96 : 29198a11;
1a97 : 33555573;
1a98 : 832e0981;
1a99 : 06818838;
1a9a : 94153357;
1a9b : 80527651;
1a9c : df9c3f80;
1a9d : 53805276;
1a9e : 51dfbc3f;
1a9f : a7b83f83;
1aa0 : c080085c;
1aa1 : 80587781;
1aa2 : c4291c87;
1aa3 : 11335555;
1aa4 : 73802e80;
1aa5 : c0387408;
1aa6 : 82a6e42e;
1aa7 : 098106b5;
1aa8 : 3880755b;
1aa9 : 567580d8;
1aaa : 291a9a11;
1aab : 33555573;
1aac : 832e0981;
1aad : 069238a4;
1aae : 15703355;
1aaf : 55767427;
1ab0 : 8738ff14;
1ab1 : 54737534;
1ab2 : 81167081;
1ab3 : ff065754;
1ab4 : 817627d1;
1ab5 : 38811870;
1ab6 : 81ff0659;
1ab7 : 54877827;
1ab8 : ffa43883;
1ab9 : ccbc33ff;
1aba : 05547383;
1abb : ccbc3481;
1abc : 1b7081ff;
1abd : 06811b33;
1abe : 5f5c547c;
1abf : 7b26fed5;
1ac0 : 38800b83;
1ac1 : c0800c8e;
1ac2 : 3d0d0483;
1ac3 : c08c0802;
1ac4 : 83c08c0c;
1ac5 : dd3d0d83;
1ac6 : c08c0888;
1ac7 : 05080284;
1ac8 : 05719005;
1ac9 : 70337083;
1aca : c08c08ff;
1acb : 84050c83;
1acc : c08c08ff;
1acd : 80050c83;
1ace : c08c08ff;
1acf : a0050c83;
1ad0 : c08c08ff;
1ad1 : b4050c83;
1ad2 : c08c08ff;
1ad3 : b8050c83;
1ad4 : c08c08ff;
1ad5 : 80050880;
1ad6 : 2e93e938;
1ad7 : 800b83c0;
1ad8 : 8c08ffa0;
1ad9 : 05088105;
1ada : 3383c08c;
1adb : 08ff8005;
1adc : 0c83c08c;
1add : 08ffa805;
1ade : 0c83c08c;
1adf : 08ffa805;
1ae0 : 0883c08c;
1ae1 : 08ff8005;
1ae2 : 082593ae;
1ae3 : 3883c08c;
1ae4 : 08ffa805;
1ae5 : 0880d829;
1ae6 : 83c08c08;
1ae7 : ffa00508;
1ae8 : 05840570;
1ae9 : 86053383;
1aea : c08c08ff;
1aeb : 80050c83;
1aec : c08c08ff;
1aed : 94050c83;
1aee : c08c08ff;
1aef : 80050880;
1af0 : 2e92c538;
1af1 : 83c08c08;
1af2 : ff940508;
1af3 : 80d40508;
1af4 : 51a4bd3f;
1af5 : 83c08008;
1af6 : 81ff0683;
1af7 : c08c08ff;
1af8 : 80050c83;
1af9 : c08c08ff;
1afa : 80050880;
1afb : 2e929938;
1afc : 0283c08c;
1afd : 08ff9405;
1afe : 08810533;
1aff : 83c08c08;
1b00 : ff80050c;
1b01 : 83c08c08;
1b02 : ffb0050c;
1b03 : 83c08c08;
1b04 : ff800508;
1b05 : 83c08c08;
1b06 : fc052383;
1b07 : c08c08ff;
1b08 : 80050886;
1b09 : 0583fc06;
1b0a : 83c08c08;
1b0b : ff80050c;
1b0c : 0283c08c;
1b0d : 08ff8005;
1b0e : 08310d85;
1b0f : 3d705583;
1b10 : c08c08fc;
1b11 : 055483c0;
1b12 : 8c08ff94;
1b13 : 05085383;
1b14 : c08c08ff;
1b15 : b8050852;
1b16 : 83c08c08;
1b17 : ff88050c;
1b18 : acb43f83;
1b19 : c0800881;
1b1a : ff0683c0;
1b1b : 8c08ff80;
1b1c : 050c83c0;
1b1d : 8c08ff80;
1b1e : 050890de;
1b1f : 3883c08c;
1b20 : 08ff9405;
1b21 : 08870533;
1b22 : 83c08c08;
1b23 : ff80050c;
1b24 : 83c08c08;
1b25 : ff800508;
1b26 : 802e80d7;
1b27 : 3883c08c;
1b28 : 08ff9405;
1b29 : 08860533;
1b2a : 83c08c08;
1b2b : ff80050c;
1b2c : 83c08c08;
1b2d : ff800508;
1b2e : 822e0981;
1b2f : 06b53883;
1b30 : c08c08fc;
1b31 : 052283c0;
1b32 : 8c08ff80;
1b33 : 050c870b;
1b34 : 83c08c08;
1b35 : ff800508;
1b36 : 27993883;
1b37 : c08c08ff;
1b38 : 88050882;
1b39 : 055283c0;
1b3a : 8c08ff88;
1b3b : 05083351;
1b3c : d8c23f83;
1b3d : c08c08ff;
1b3e : 94050886;
1b3f : 053383c0;
1b40 : 8c08ff80;
1b41 : 050c83c0;
1b42 : 8c08ff80;
1b43 : 0508832e;
1b44 : 0981068f;
1b45 : c53883c0;
1b46 : 8c08ff94;
1b47 : 05089205;
1b48 : 83c08c08;
1b49 : ff940508;
1b4a : 89053383;
1b4b : c08c08ff;
1b4c : 80050c83;
1b4d : c08c08ff;
1b4e : 9c050c83;
1b4f : c08c08ff;
1b50 : 80050883;
1b51 : 2eb73883;
1b52 : c08c08ff;
1b53 : 9c050882;
1b54 : 053383c0;
1b55 : 8c08fc05;
1b56 : 2283c08c;
1b57 : 08ff8c05;
1b58 : 0c83c08c;
1b59 : 08ff8405;
1b5a : 0c83c08c;
1b5b : 08ff8405;
1b5c : 0883c08c;
1b5d : 08ff8c05;
1b5e : 08268ede;
1b5f : 38800b83;
1b60 : c08c08ff;
1b61 : bc050c80;
1b62 : 0b83c08c;
1b63 : 08ff8c05;
1b64 : 0c83c08c;
1b65 : 08ff8005;
1b66 : 08832e09;
1b67 : 81068398;
1b68 : 3883c08c;
1b69 : 08ff8805;
1b6a : 083383c0;
1b6b : 8c08ff84;
1b6c : 050c83c0;
1b6d : 8c08ff84;
1b6e : 050883c0;
1b6f : 8c08ff8c;
1b70 : 05082e09;
1b71 : 810682d9;
1b72 : 3883c08c;
1b73 : 08ff8805;
1b74 : 08810533;
1b75 : 83c08c08;
1b76 : ff80050c;
1b77 : 83c08c08;
1b78 : ff800508;
1b79 : 942e0981;
1b7a : 0682b638;
1b7b : b05382a9;
1b7c : a05283c0;
1b7d : 8c08c805;
1b7e : 51feec9f;
1b7f : 3f83c08c;
1b80 : 08ff8405;
1b81 : 0883c08c;
1b82 : 08ff8c05;
1b83 : 0c83c08c;
1b84 : 08ff8c05;
1b85 : 081083c0;
1b86 : 8c08ff8c;
1b87 : 05080583;
1b88 : c08c0805;
1b89 : c8057033;
1b8a : 83c08c08;
1b8b : ff880508;
1b8c : 05703372;
1b8d : 81053371;
1b8e : 06515183;
1b8f : c08c08ff;
1b90 : 80050c83;
1b91 : c08c08ff;
1b92 : 84050c83;
1b93 : c08c08ff;
1b94 : 80050880;
1b95 : 2ea83883;
1b96 : c08c08ff;
1b97 : 84050882;
1b98 : 05338171;
1b99 : 2b83c08c;
1b9a : 08ffbc05;
1b9b : 080783c0;
1b9c : 8c08ffbc;
1b9d : 050c83c0;
1b9e : 8c08ff84;
1b9f : 050c83c0;
1ba0 : 8c08ff8c;
1ba1 : 05088105;
1ba2 : 7081ff06;
1ba3 : 83c08c08;
1ba4 : ff8c050c;
1ba5 : 83c08c08;
1ba6 : ff80050c;
1ba7 : 83c08c08;
1ba8 : ff8c0508;
1ba9 : 902e0981;
1baa : 06fee238;
1bab : 83c08c08;
1bac : ff880508;
1bad : 87053370;
1bae : 982b83c0;
1baf : 8c08ff88;
1bb0 : 05088905;
1bb1 : 3370982b;
1bb2 : 70982c73;
1bb3 : 982c8180;
1bb4 : 05545153;
1bb5 : 83c08c08;
1bb6 : ff88050c;
1bb7 : 83c08c08;
1bb8 : ff84050c;
1bb9 : 83c08c08;
1bba : ff80050c;
1bbb : 83c08c08;
1bbc : ff840508;
1bbd : 83c08c08;
1bbe : f8052380;
1bbf : ff0b83c0;
1bc0 : 8c08ff80;
1bc1 : 05083183;
1bc2 : c08c08ff;
1bc3 : 80050c83;
1bc4 : c08c08ff;
1bc5 : 80050883;
1bc6 : c08c08fa;
1bc7 : 052383ac;
1bc8 : 3981800b;
1bc9 : 83c08c08;
1bca : f8052381;
1bcb : 800b83c0;
1bcc : 8c08fa05;
1bcd : 23839539;
1bce : 83c08c08;
1bcf : ff8c0508;
1bd0 : 1083c08c;
1bd1 : 0805f805;
1bd2 : 83c08c08;
1bd3 : ff8c0508;
1bd4 : 842983c0;
1bd5 : 8c08ff8c;
1bd6 : 05081005;
1bd7 : 83c08c08;
1bd8 : ff9c0508;
1bd9 : 05840570;
1bda : 3383c08c;
1bdb : 08ff8805;
1bdc : 08057033;
1bdd : 83c08c08;
1bde : ff90050c;
1bdf : 83c08c08;
1be0 : ff80050c;
1be1 : 83c08c08;
1be2 : ff84050c;
1be3 : 83c08c08;
1be4 : ff98050c;
1be5 : 83c08c08;
1be6 : ff900508;
1be7 : 83c08c08;
1be8 : ff980508;
1be9 : 2383c08c;
1bea : 08ff8405;
1beb : 08810533;
1bec : 83c08c08;
1bed : ff80050c;
1bee : 83c08c08;
1bef : ff800508;
1bf0 : 902e0981;
1bf1 : 06bf3883;
1bf2 : c08c08ff;
1bf3 : 84050833;
1bf4 : 83c08c08;
1bf5 : ff880508;
1bf6 : 05810570;
1bf7 : 33708280;
1bf8 : 2983c08c;
1bf9 : 08ff9005;
1bfa : 08055151;
1bfb : 83c08c08;
1bfc : ff80050c;
1bfd : 83c08c08;
1bfe : ff800508;
1bff : 83c08c08;
1c00 : ff980508;
1c01 : 2383c08c;
1c02 : 08ff8c05;
1c03 : 08810570;
1c04 : 81ff0683;
1c05 : c08c08ff;
1c06 : 8c050c83;
1c07 : c08c08ff;
1c08 : 80050c81;
1c09 : 0b83c08c;
1c0a : 08ff8c05;
1c0b : 0827fe88;
1c0c : 38800b83;
1c0d : c08c08ff;
1c0e : 8c050c83;
1c0f : c08c08ff;
1c10 : 8c050810;
1c11 : 83c08c08;
1c12 : ff9c0508;
1c13 : 05709005;
1c14 : 703383c0;
1c15 : 8c08ff88;
1c16 : 05080570;
1c17 : 33728105;
1c18 : 33707206;
1c19 : 51535183;
1c1a : c08c08ff;
1c1b : 84050c51;
1c1c : 83c08c08;
1c1d : ff80050c;
1c1e : 83c08c08;
1c1f : ff800508;
1c20 : 802e9d38;
1c21 : 900b83c0;
1c22 : 8c08ff8c;
1c23 : 05082b83;
1c24 : c08c08ff;
1c25 : bc050807;
1c26 : 83c08c08;
1c27 : ffbc050c;
1c28 : 83c08c08;
1c29 : ff8c0508;
1c2a : 81057081;
1c2b : ff0683c0;
1c2c : 8c08ff8c;
1c2d : 050c83c0;
1c2e : 8c08ff80;
1c2f : 050c970b;
1c30 : 83c08c08;
1c31 : ff8c0508;
1c32 : 27fef038;
1c33 : 83c08c08;
1c34 : f8052283;
1c35 : c08c08ff;
1c36 : 80050c83;
1c37 : c08c08ff;
1c38 : 800508bf;
1c39 : 26933883;
1c3a : c08c08ff;
1c3b : bc050882;
1c3c : 0783c08c;
1c3d : 08ffbc05;
1c3e : 0c81c00b;
1c3f : 83c08c08;
1c40 : ff800508;
1c41 : 27933883;
1c42 : c08c08ff;
1c43 : bc050881;
1c44 : 0783c08c;
1c45 : 08ffbc05;
1c46 : 0c83c08c;
1c47 : 08fa0522;
1c48 : 83c08c08;
1c49 : ff80050c;
1c4a : 83c08c08;
1c4b : ff800508;
1c4c : bf269338;
1c4d : 83c08c08;
1c4e : ffbc0508;
1c4f : 880783c0;
1c50 : 8c08ffbc;
1c51 : 050c81c0;
1c52 : 0b83c08c;
1c53 : 08ff8005;
1c54 : 08279338;
1c55 : 83c08c08;
1c56 : ffbc0508;
1c57 : 840783c0;
1c58 : 8c08ffbc;
1c59 : 050c83c0;
1c5a : 8c08ff94;
1c5b : 05089005;
1c5c : 3383c08c;
1c5d : 08ffbc05;
1c5e : 0883c08c;
1c5f : 08ff8005;
1c60 : 0c83c08c;
1c61 : 08ff9c05;
1c62 : 0c83c08c;
1c63 : 08ff8005;
1c64 : 0883c08c;
1c65 : 08ff9405;
1c66 : 088c0508;
1c67 : 2e85e938;
1c68 : 83c08c08;
1c69 : ff800508;
1c6a : 83c08c08;
1c6b : ff940508;
1c6c : 8c050c83;
1c6d : c08c08ff;
1c6e : 94050889;
1c6f : 053383c0;
1c70 : 8c08ff84;
1c71 : 050c83c0;
1c72 : 8c08ff84;
1c73 : 0508802e;
1c74 : 85a13883;
1c75 : c08c08ff;
1c76 : bc0583c0;
1c77 : 8c08ff80;
1c78 : 050883c0;
1c79 : 8c08ff80;
1c7a : 05088f06;
1c7b : 83c08c08;
1c7c : ffbc050c;
1c7d : 83c08c08;
1c7e : ff8c050c;
1c7f : 83c08c08;
1c80 : ffac050c;
1c81 : 83c08c08;
1c82 : ff840508;
1c83 : 822e0981;
1c84 : 0681c238;
1c85 : 800b83c0;
1c86 : 8c08ff80;
1c87 : 0508862a;
1c88 : 70810651;
1c89 : 83c08c08;
1c8a : ff80050c;
1c8b : 83c08c08;
1c8c : ff84050c;
1c8d : 83c08c08;
1c8e : ff800508;
1c8f : 83c08c08;
1c90 : ff840508;
1c91 : 2e8c3881;
1c92 : c00b83c0;
1c93 : 8c08ff84;
1c94 : 050c83c0;
1c95 : 8c08ff8c;
1c96 : 0508872a;
1c97 : 70810651;
1c98 : 83c08c08;
1c99 : ff80050c;
1c9a : 83c08c08;
1c9b : ff800508;
1c9c : 802e9438;
1c9d : 83c08c08;
1c9e : ff840508;
1c9f : 81903283;
1ca0 : c08c08ff;
1ca1 : 84050c83;
1ca2 : c08c08ff;
1ca3 : 8c050884;
1ca4 : 2a708106;
1ca5 : 5183c08c;
1ca6 : 08ff8005;
1ca7 : 0c83c08c;
1ca8 : 08ff8005;
1ca9 : 08802e94;
1caa : 3883c08c;
1cab : 08ff8405;
1cac : 0880d032;
1cad : 83c08c08;
1cae : ff84050c;
1caf : 83c08c08;
1cb0 : ff8c0508;
1cb1 : 83c08c08;
1cb2 : ff840508;
1cb3 : 3283c08c;
1cb4 : 08ff8c05;
1cb5 : 0c800b83;
1cb6 : c08c08c0;
1cb7 : 050c800b;
1cb8 : 83c08c08;
1cb9 : c4052380;
1cba : 0b82a8e0;
1cbb : 3383c08c;
1cbc : 08ff8005;
1cbd : 0c83c08c;
1cbe : 08ff9805;
1cbf : 0c83c08c;
1cc0 : 08ff8005;
1cc1 : 0883c08c;
1cc2 : 08ff9805;
1cc3 : 082e82d7;
1cc4 : 3883c08c;
1cc5 : 08c00582;
1cc6 : a8e00b83;
1cc7 : c08c08ff;
1cc8 : 88050c83;
1cc9 : c08c08ff;
1cca : a4050c83;
1ccb : c08c08ff;
1ccc : 88050833;
1ccd : 83c08c08;
1cce : ff880508;
1ccf : 81053381;
1cd0 : 722b8172;
1cd1 : 2b077083;
1cd2 : c08c08ff;
1cd3 : 8c050806;
1cd4 : 5383c08c;
1cd5 : 08ff8405;
1cd6 : 0c83c08c;
1cd7 : 08ff9005;
1cd8 : 0c83c08c;
1cd9 : 08ff8005;
1cda : 0c83c08c;
1cdb : 08ff8005;
1cdc : 0883c08c;
1cdd : 08ff8405;
1cde : 082e0981;
1cdf : 0681c138;
1ce0 : 83c08c08;
1ce1 : ff980508;
1ce2 : 852680f7;
1ce3 : 3883c08c;
1ce4 : 08ff8805;
1ce5 : 08820533;
1ce6 : 7081ff06;
1ce7 : 83c08c08;
1ce8 : ff80050c;
1ce9 : 83c08c08;
1cea : ff90050c;
1ceb : 83c08c08;
1cec : ff800508;
1ced : 802e80cb;
1cee : 3883c08c;
1cef : 08ff9805;
1cf0 : 0883c08c;
1cf1 : 08ff9805;
1cf2 : 08810570;
1cf3 : 81ff0683;
1cf4 : c08c08ff;
1cf5 : a4050873;
1cf6 : 055383c0;
1cf7 : 8c08ff98;
1cf8 : 050c83c0;
1cf9 : 8c08ff84;
1cfa : 050c83c0;
1cfb : 8c08ff80;
1cfc : 050c83c0;
1cfd : 8c08ff90;
1cfe : 050883c0;
1cff : 8c08ff80;
1d00 : 05083483;
1d01 : c08c08ff;
1d02 : 88050883;
1d03 : 053383c0;
1d04 : 8c08ff80;
1d05 : 050c83c0;
1d06 : 8c08ff80;
1d07 : 0508802e;
1d08 : 9f38810b;
1d09 : 83c08c08;
1d0a : ff800508;
1d0b : 2b83c08c;
1d0c : 08ffac05;
1d0d : 08080783;
1d0e : c08c08ff;
1d0f : ac05080c;
1d10 : 83c08c08;
1d11 : ff880508;
1d12 : 84057033;
1d13 : 83c08c08;
1d14 : ff80050c;
1d15 : 83c08c08;
1d16 : ff88050c;
1d17 : 83c08c08;
1d18 : ff800508;
1d19 : fdc53883;
1d1a : c08c08c0;
1d1b : 05528051;
1d1c : c9c23f83;
1d1d : c08c08ff;
1d1e : bc050852;
1d1f : 83c08c08;
1d20 : ff9c0508;
1d21 : 51cb873f;
1d22 : 83c08c08;
1d23 : fb053370;
1d24 : 81800a29;
1d25 : 810a0570;
1d26 : 982c5583;
1d27 : c08c08ff;
1d28 : 80050c83;
1d29 : c08c08f9;
1d2a : 05337081;
1d2b : 800a2981;
1d2c : 0a057098;
1d2d : 2c5583c0;
1d2e : 8c08ff80;
1d2f : 050c83c0;
1d30 : 8c08ff9c;
1d31 : 05085383;
1d32 : c08c08ff;
1d33 : 8c050c83;
1d34 : c08c08ff;
1d35 : 84050cca;
1d36 : de3f83c0;
1d37 : 8c08ff94;
1d38 : 050880d2;
1d39 : 053383c0;
1d3a : 8c08ff94;
1d3b : 050880d4;
1d3c : 05080583;
1d3d : c08c08ff;
1d3e : 94050880;
1d3f : d4050c83;
1d40 : c08c08ff;
1d41 : b005080d;
1d42 : 83c08c08;
1d43 : ffa80508;
1d44 : 81800a29;
1d45 : 81800a05;
1d46 : 70982c83;
1d47 : c08c08ff;
1d48 : a0050881;
1d49 : 053383c0;
1d4a : 8c08ff80;
1d4b : 050c5183;
1d4c : c08c08ff;
1d4d : a8050cec;
1d4e : c039800b;
1d4f : 83c08c08;
1d50 : ff84050c;
1d51 : 83c08c08;
1d52 : ffb40508;
1d53 : 0d83c08c;
1d54 : 08ff8405;
1d55 : 0883c080;
1d56 : 0ca53d0d;
1d57 : 83c08c0c;
1d58 : 04e93d0d;
1d59 : 696c0288;
1d5a : 0580ea05;
1d5b : 225c5a5b;
1d5c : 80707141;
1d5d : 5e58ff78;
1d5e : 797a7b7c;
1d5f : 7d464c4a;
1d60 : 45405d43;
1d61 : 62993d34;
1d62 : 62028405;
1d63 : 80dd0534;
1d64 : 77792280;
1d65 : ffff0654;
1d66 : 45727923;
1d67 : 79782e88;
1d68 : 87387a70;
1d69 : 81055c33;
1d6a : 70842a71;
1d6b : 8c067082;
1d6c : 2a5a5656;
1d6d : 8306ff1b;
1d6e : 7083ffff;
1d6f : 065c5456;
1d70 : 80547574;
1d71 : 2e91387a;
1d72 : 7081055c;
1d73 : 33ff1b70;
1d74 : 83ffff06;
1d75 : 5c545481;
1d76 : 76279b38;
1d77 : 7381ff06;
1d78 : 7b708105;
1d79 : 5d335574;
1d7a : 82802905;
1d7b : ff1b7083;
1d7c : ffff065c;
1d7d : 54548276;
1d7e : 27aa3873;
1d7f : 83ffff06;
1d80 : 7b708105;
1d81 : 5d337090;
1d82 : 2b72077d;
1d83 : 7081055f;
1d84 : 3370982b;
1d85 : 7207fe1f;
1d86 : 7083ffff;
1d87 : 06405252;
1d88 : 52525454;
1d89 : 7e802e80;
1d8a : c4387686;
1d8b : f738748a;
1d8c : 2e098106;
1d8d : 9438811f;
1d8e : 7081ff06;
1d8f : 811e7081;
1d90 : ff065f52;
1d91 : 405386dc;
1d92 : 39748c2e;
1d93 : 09810686;
1d94 : d338ff1f;
1d95 : 7081ff06;
1d96 : ff1e7081;
1d97 : ff065f52;
1d98 : 40537b63;
1d99 : 2586bd38;
1d9a : ff4386b8;
1d9b : 3976812e;
1d9c : 83bb3876;
1d9d : 81248938;
1d9e : 76802e8d;
1d9f : 3886a539;
1da0 : 76822e84;
1da1 : a638869c;
1da2 : 39f81553;
1da3 : 72842684;
1da4 : 95387284;
1da5 : 2982a9d0;
1da6 : 05537208;
1da7 : 0464802e;
1da8 : 80cd3878;
1da9 : 22838080;
1daa : 06537283;
1dab : 80802e09;
1dac : 8106bc38;
1dad : 80567564;
1dae : 27a43875;
1daf : 1e7083ff;
1db0 : ff067710;
1db1 : 1b901172;
1db2 : 832a5851;
1db3 : 57515373;
1db4 : 75347287;
1db5 : 0681712b;
1db6 : 51537281;
1db7 : 16348116;
1db8 : 7081ff06;
1db9 : 57539776;
1dba : 27cc387f;
1dbb : 84074080;
1dbc : 0b993d43;
1dbd : 56611670;
1dbe : 3370982b;
1dbf : 70982c51;
1dc0 : 51515380;
1dc1 : 732480fb;
1dc2 : 38607329;
1dc3 : 1e7083ff;
1dc4 : ff067a22;
1dc5 : 83808006;
1dc6 : 52585372;
1dc7 : 8380802e;
1dc8 : 09810680;
1dc9 : de386088;
1dca : 32703070;
1dcb : 72078025;
1dcc : 63903270;
1dcd : 30707207;
1dce : 80257307;
1dcf : 53545851;
1dd0 : 55537380;
1dd1 : 2ebd3876;
1dd2 : 87065372;
1dd3 : b6387584;
1dd4 : 29761005;
1dd5 : 79118411;
1dd6 : 79832a57;
1dd7 : 57515373;
1dd8 : 75346081;
1dd9 : 16346586;
1dda : 14236688;
1ddb : 14237587;
1ddc : 387f8107;
1ddd : 408d3975;
1dde : 812e0981;
1ddf : 0685387f;
1de0 : 82074081;
1de1 : 167081ff;
1de2 : 06575381;
1de3 : 7627fee5;
1de4 : 38636129;
1de5 : 1e7083ff;
1de6 : ff065f53;
1de7 : 80704642;
1de8 : ff028405;
1de9 : 80dd0534;
1dea : ff0b993d;
1deb : 3483f539;
1dec : 811c7081;
1ded : ff065d53;
1dee : 80427381;
1def : 2e098106;
1df0 : 8e387781;
1df1 : 800a2981;
1df2 : 800a0558;
1df3 : 80d33973;
1df4 : 802e8938;
1df5 : 73822e09;
1df6 : 81068d38;
1df7 : 7c81800a;
1df8 : 2981800a;
1df9 : 055da439;
1dfa : 815f83b8;
1dfb : 39ff1c70;
1dfc : 81ff065d;
1dfd : 537b6325;
1dfe : 8338ff43;
1dff : 7c802e92;
1e00 : 387c8180;
1e01 : 0a2981ff;
1e02 : 0a055d7c;
1e03 : 982c5d83;
1e04 : 93397780;
1e05 : 2e923877;
1e06 : 81800a29;
1e07 : 81ff0a05;
1e08 : 5877982c;
1e09 : 5882fd39;
1e0a : 7753839e;
1e0b : 39748926;
1e0c : 80f43874;
1e0d : 842982a9;
1e0e : e4055372;
1e0f : 08047387;
1e10 : 2e82e138;
1e11 : 73852e82;
1e12 : db387388;
1e13 : 2e82d538;
1e14 : 738c2e82;
1e15 : cf387389;
1e16 : 2e098106;
1e17 : 86388145;
1e18 : 82c23973;
1e19 : 812e0981;
1e1a : 0682b938;
1e1b : 62802582;
1e1c : b3387b98;
1e1d : 2b70982c;
1e1e : 514382a8;
1e1f : 397383ff;
1e20 : ff064682;
1e21 : 9f397383;
1e22 : ffff0647;
1e23 : 82963973;
1e24 : 81ff0641;
1e25 : 828e3973;
1e26 : 811a3482;
1e27 : 87397381;
1e28 : ff064481;
1e29 : ff397e53;
1e2a : 82a03974;
1e2b : 812e81e3;
1e2c : 38748124;
1e2d : 89387480;
1e2e : 2e8d3881;
1e2f : e7397482;
1e30 : 2e81d838;
1e31 : 81de3974;
1e32 : 567b8338;
1e33 : 81567453;
1e34 : 73862e09;
1e35 : 81069738;
1e36 : 75810653;
1e37 : 72802e8e;
1e38 : 38782282;
1e39 : ffff06fe;
1e3a : 80800753;
1e3b : b6397b83;
1e3c : 38815373;
1e3d : 822e0981;
1e3e : 06973872;
1e3f : 81065372;
1e40 : 802e8e38;
1e41 : 782281ff;
1e42 : ff068180;
1e43 : 80075393;
1e44 : 397b9638;
1e45 : fc145372;
1e46 : 81268e38;
1e47 : 7822ff80;
1e48 : 80075372;
1e49 : 792380e5;
1e4a : 39805573;
1e4b : 812e0981;
1e4c : 06833873;
1e4d : 55775377;
1e4e : 802e8938;
1e4f : 74810653;
1e50 : 7280ca38;
1e51 : 72d01554;
1e52 : 55728126;
1e53 : 83388155;
1e54 : 77802eb9;
1e55 : 38748106;
1e56 : 5372802e;
1e57 : b0387822;
1e58 : 83808006;
1e59 : 53728380;
1e5a : 802e0981;
1e5b : 069f3873;
1e5c : b02e0981;
1e5d : 06873861;
1e5e : 993d3491;
1e5f : 3973b12e;
1e60 : 09810689;
1e61 : 38610284;
1e62 : 0580dd05;
1e63 : 34618105;
1e64 : 538c3961;
1e65 : 74318105;
1e66 : 53843961;
1e67 : 14537283;
1e68 : ffff0642;
1e69 : 79f7fb38;
1e6a : 7d832a53;
1e6b : 72821a34;
1e6c : 78228380;
1e6d : 80065372;
1e6e : 8380802e;
1e6f : 09810688;
1e70 : 3881537f;
1e71 : 872e8338;
1e72 : 80537283;
1e73 : c0800c99;
1e74 : 3d0d04fd;
1e75 : 3d0d7583;
1e76 : 11338212;
1e77 : 3371982b;
1e78 : 71902b07;
1e79 : 81143370;
1e7a : 882b7207;
1e7b : 75337107;
1e7c : 83c0800c;
1e7d : 52535456;
1e7e : 5452853d;
1e7f : 0d04f63d;
1e80 : 0d02b705;
1e81 : 33028405;
1e82 : bb053302;
1e83 : 8805bf05;
1e84 : 335b5b5b;
1e85 : 80588057;
1e86 : 78882b7a;
1e87 : 07568055;
1e88 : 7a548153;
1e89 : a3527c51;
1e8a : 93903f83;
1e8b : c0800881;
1e8c : ff0683c0;
1e8d : 800c8c3d;
1e8e : 0d04f63d;
1e8f : 0d02b705;
1e90 : 33028405;
1e91 : bb053302;
1e92 : 8805bf05;
1e93 : 335b5b5b;
1e94 : 80588057;
1e95 : 78882b7a;
1e96 : 07568055;
1e97 : 7a548353;
1e98 : a3527c51;
1e99 : 92d43f83;
1e9a : c0800881;
1e9b : ff0683c0;
1e9c : 800c8c3d;
1e9d : 0d04f73d;
1e9e : 0d02b305;
1e9f : 33028405;
1ea0 : b6052260;
1ea1 : 5a585680;
1ea2 : 55805480;
1ea3 : 5381a352;
1ea4 : 7b5192a6;
1ea5 : 3f83c080;
1ea6 : 0881ff06;
1ea7 : 83c0800c;
1ea8 : 8b3d0d04;
1ea9 : ee3d0d64;
1eaa : 90115c5c;
1eab : 807b3480;
1eac : 0b841c0c;
1ead : 800b881c;
1eae : 34810b89;
1eaf : 1c34880b;
1eb0 : 8a1c3480;
1eb1 : 0b8b1c34;
1eb2 : 881b08c1;
1eb3 : 06810788;
1eb4 : 1c0c8f3d;
1eb5 : 70545d88;
1eb6 : 527b519c;
1eb7 : f93f83c0;
1eb8 : 800881ff;
1eb9 : 06705b59;
1eba : 7881a938;
1ebb : 903d335e;
1ebc : 81db5a7d;
1ebd : 892e0981;
1ebe : 06819938;
1ebf : 7c539252;
1ec0 : 7b519cd2;
1ec1 : 3f83c080;
1ec2 : 0881ff06;
1ec3 : 705b5978;
1ec4 : 8182387c;
1ec5 : 58885778;
1ec6 : 56a95578;
1ec7 : 54865381;
1ec8 : a0527b51;
1ec9 : 91943f83;
1eca : c0800881;
1ecb : ff06705b;
1ecc : 597880e0;
1ecd : 3802ba05;
1ece : 337b347c;
1ecf : 5478537d;
1ed0 : 527b519c;
1ed1 : ba3f83c0;
1ed2 : 800881ff;
1ed3 : 06705b59;
1ed4 : 7880c138;
1ed5 : 02bd0533;
1ed6 : 527b519c;
1ed7 : d23f83c0;
1ed8 : 800881ff;
1ed9 : 06705b59;
1eda : 78aa3881;
1edb : 7b335a5a;
1edc : 79792699;
1edd : 38805479;
1ede : 5388527b;
1edf : 51fdbb3f;
1ee0 : 811a7081;
1ee1 : ff067c33;
1ee2 : 525b59e4;
1ee3 : 39810b88;
1ee4 : 1c34805a;
1ee5 : 7983c080;
1ee6 : 0c943d0d;
1ee7 : 04800b83;
1ee8 : c0800c04;
1ee9 : f93d0d79;
1eea : 028405ab;
1eeb : 05338e3d;
1eec : 70545858;
1eed : 58ffbdfa;
1eee : 3f8a3d8a;
1eef : 0551ffbd;
1ef0 : f13f7551;
1ef1 : fc8d3f83;
1ef2 : c0800884;
1ef3 : 86812ebe;
1ef4 : 3883c080;
1ef5 : 08848681;
1ef6 : 26993883;
1ef7 : c0800884;
1ef8 : 82802e80;
1ef9 : e63883c0;
1efa : 80088482;
1efb : 812e9f38;
1efc : 81b43983;
1efd : c0800880;
1efe : c082832e;
1eff : 80f43883;
1f00 : c0800880;
1f01 : c086832e;
1f02 : 80e83881;
1f03 : 993983c0;
1f04 : a4335580;
1f05 : 5674762e;
1f06 : 09810681;
1f07 : 8b387454;
1f08 : 76539152;
1f09 : 7751fbd6;
1f0a : 3f745476;
1f0b : 53905277;
1f0c : 51fbcb3f;
1f0d : 74547653;
1f0e : 84527751;
1f0f : fbfc3f81;
1f10 : 0b83c0a4;
1f11 : 3481b156;
1f12 : 80de3980;
1f13 : 54765391;
1f14 : 527751fb;
1f15 : a93f8054;
1f16 : 76539052;
1f17 : 7751fb9e;
1f18 : 3f800b83;
1f19 : c0a43476;
1f1a : 52871833;
1f1b : 5197fd3f;
1f1c : b5398054;
1f1d : 76539452;
1f1e : 7751fb82;
1f1f : 3f805476;
1f20 : 53905277;
1f21 : 51faf73f;
1f22 : 7551ffbc;
1f23 : a53f83c0;
1f24 : 8008892a;
1f25 : 81065376;
1f26 : 52871833;
1f27 : 5191913f;
1f28 : 800b83c0;
1f29 : a4348056;
1f2a : 7583c080;
1f2b : 0c893d0d;
1f2c : 04f23d0d;
1f2d : 6090115a;
1f2e : 58800b88;
1f2f : 1a337158;
1f30 : 56577477;
1f31 : 2e82ac38;
1f32 : 84190851;
1f33 : 82c23f83;
1f34 : c0800881;
1f35 : ff065574;
1f36 : 772e8295;
1f37 : 3878335a;
1f38 : 810b8e3d;
1f39 : 23903df8;
1f3a : 1155f405;
1f3b : 53991852;
1f3c : 77518ba2;
1f3d : 3f83c080;
1f3e : 0881ff06;
1f3f : 70575574;
1f40 : 772e0981;
1f41 : 0681d938;
1f42 : 86397456;
1f43 : 81d23981;
1f44 : 5682578e;
1f45 : 3d337706;
1f46 : 5574802e;
1f47 : bb38800b;
1f48 : 8d3d3490;
1f49 : 3df00554;
1f4a : 84537552;
1f4b : 7751fac6;
1f4c : 3f83c080;
1f4d : 0881ff06;
1f4e : 55749d38;
1f4f : 7b537552;
1f50 : 7751fce0;
1f51 : 3f83c080;
1f52 : 0881ff06;
1f53 : 557481b1;
1f54 : 2e818b38;
1f55 : 74ffb338;
1f56 : 761081fc;
1f57 : 06811770;
1f58 : 81ff0658;
1f59 : 56578776;
1f5a : 27ffa838;
1f5b : 8156757a;
1f5c : 2680eb38;
1f5d : 800b8d3d;
1f5e : 348c3d70;
1f5f : 55578453;
1f60 : 75527751;
1f61 : f9f03f83;
1f62 : c0800881;
1f63 : ff065574;
1f64 : 80c13876;
1f65 : 51ffba9a;
1f66 : 3f83c080;
1f67 : 08828706;
1f68 : 55748281;
1f69 : 2e098106;
1f6a : aa3802ae;
1f6b : 05338107;
1f6c : 55740284;
1f6d : 05ae0534;
1f6e : 7b537552;
1f6f : 7751fbe4;
1f70 : 3f83c080;
1f71 : 0881ff06;
1f72 : 557481b1;
1f73 : 2e903874;
1f74 : feb83881;
1f75 : 167081ff;
1f76 : 065755ff;
1f77 : 91398056;
1f78 : 7581ff06;
1f79 : 57973f83;
1f7a : c080088f;
1f7b : d005841a;
1f7c : 0c765675;
1f7d : 83c0800c;
1f7e : 903d0d04;
1f7f : 04803d0d;
1f80 : 9080a008;
1f81 : 708a2c83;
1f82 : c0800c51;
1f83 : 823d0d04;
1f84 : ff3d0d73;
1f85 : 52e73f81;
1f86 : 5183c080;
1f87 : 0872278c;
1f88 : 387183c0;
1f89 : 80083188;
1f8a : 800a2651;
1f8b : 7083c080;
1f8c : 0c833d0d;
1f8d : 040483cc;
1f8e : dc0b83c0;
1f8f : 800c04fd;
1f90 : 3d0d7577;
1f91 : 5454800b;
1f92 : 83ccbc34;
1f93 : 728a3890;
1f94 : 90800b84;
1f95 : 150c9039;
1f96 : 72812e09;
1f97 : 81068838;
1f98 : 9098800b;
1f99 : 84150c84;
1f9a : 140883cc;
1f9b : d40c800b;
1f9c : 88150c80;
1f9d : 0b8c150c;
1f9e : 83ccd408;
1f9f : 53820b87;
1fa0 : 80143487;
1fa1 : e851fedb;
1fa2 : ec3f83cc;
1fa3 : d4085380;
1fa4 : 0b881434;
1fa5 : 83ccd408;
1fa6 : 53810b87;
1fa7 : 80143483;
1fa8 : ccd40853;
1fa9 : 800b8c14;
1faa : 3483ccd4;
1fab : 0853800b;
1fac : a4143491;
1fad : 7434800b;
1fae : 83c0a834;
1faf : 800b83c0;
1fb0 : ac34800b;
1fb1 : 83c0b034;
1fb2 : 80547381;
1fb3 : c42983cc;
1fb4 : e0055380;
1fb5 : 0b831434;
1fb6 : 81147081;
1fb7 : ff065553;
1fb8 : 877427e6;
1fb9 : 38853d0d;
1fba : 04fe3d0d;
1fbb : 74768211;
1fbc : 3370bf06;
1fbd : 81712bff;
1fbe : 05565151;
1fbf : 52539071;
1fc0 : 278338ff;
1fc1 : 52765171;
1fc2 : 712383cc;
1fc3 : d4085187;
1fc4 : 13339012;
1fc5 : 34800b83;
1fc6 : c0ac3480;
1fc7 : 0b83c0b0;
1fc8 : 34881333;
1fc9 : 8a143352;
1fca : 5271802e;
1fcb : aa387081;
1fcc : ff065184;
1fcd : 52708338;
1fce : 70527183;
1fcf : c0ac348a;
1fd0 : 13337030;
1fd1 : 70802584;
1fd2 : 2b708807;
1fd3 : 51515253;
1fd4 : 7083c0b0;
1fd5 : 34903970;
1fd6 : 81ff0651;
1fd7 : 70833898;
1fd8 : 527183c0;
1fd9 : b034800b;
1fda : 83c0800c;
1fdb : 843d0d04;
1fdc : f03d0d62;
1fdd : 6669028c;
1fde : 0580cf05;
1fdf : 33029005;
1fe0 : 80d20522;
1fe1 : 02940580;
1fe2 : da052243;
1fe3 : 41425b41;
1fe4 : 41fcea3f;
1fe5 : 83c08008;
1fe6 : a788055c;
1fe7 : 8070715c;
1fe8 : 5c5483a9;
1fe9 : 3983ccd4;
1fea : 08527e94;
1feb : 133483c0;
1fec : ac338107;
1fed : 73745955;
1fee : 56608626;
1fef : 80ea3860;
1ff0 : 842982aa;
1ff1 : 980583cc;
1ff2 : d4085452;
1ff3 : 71080480;
1ff4 : 0b841434;
1ff5 : a1397833;
1ff6 : 70307080;
1ff7 : 25837131;
1ff8 : 51515354;
1ff9 : 71841434;
1ffa : 8d39810b;
1ffb : 841434b8;
1ffc : 39830b84;
1ffd : 14348170;
1ffe : 5557ad39;
1fff : 810b8414;
2000 : 34a23978;
2001 : 33703070;
2002 : 80258371;
2003 : 31515153;
2004 : 54718414;
2005 : 34807933;
2006 : 53537183;
2007 : 38815372;
2008 : 79348154;
2009 : 75880756;
200a : 83c0b033;
200b : 83ccd408;
200c : 5358810b;
200d : 81d01334;
200e : 83ccd408;
200f : 52810b81;
2010 : 90133473;
2011 : 30707507;
2012 : 9f2a5152;
2013 : 7f802eae;
2014 : 3871802e;
2015 : a9387fff;
2016 : 1f535571;
2017 : 83ffff06;
2018 : 547383ff;
2019 : ff2e9738;
201a : 74708105;
201b : 563383cc;
201c : d4085452;
201d : 7181c014;
201e : 34ff1452;
201f : de3983cc;
2020 : d408a811;
2021 : 33545277;
2022 : 88133483;
2023 : ccd40852;
2024 : 75723481;
2025 : ff549139;
2026 : 83ccd408;
2027 : a0113370;
2028 : 81065153;
2029 : 53719638;
202a : 7b51fae4;
202b : 3f83c080;
202c : 0881ff06;
202d : 5574802e;
202e : df38818d;
202f : 39810ba0;
2030 : 143483cc;
2031 : d408a811;
2032 : 3380ff06;
2033 : 70790770;
2034 : 81ff0651;
2035 : 52555271;
2036 : 802e80ed;
2037 : 3873862a;
2038 : 70810651;
2039 : 5271802e;
203a : 91387479;
203b : 33535371;
203c : 83388153;
203d : 72793480;
203e : e7397384;
203f : 2a708106;
2040 : 51527180;
2041 : 2e9b3881;
2042 : 1a7083ff;
2043 : ff067e30;
2044 : 709f2a51;
2045 : 525b5279;
2046 : 7d2e0981;
2047 : 06af38a4;
2048 : 3973832a;
2049 : 70810651;
204a : 5271802e;
204b : 9338811b;
204c : 7081ff06;
204d : 5c527a83;
204e : 2e098106;
204f : 90388a39;
2050 : 73a30652;
2051 : 71802e85;
2052 : 38735299;
2053 : 397b51f9;
2054 : bf3f83c0;
2055 : 800881ff;
2056 : 06537280;
2057 : 2efcc638;
2058 : 7381bf06;
2059 : 527183c0;
205a : 800c923d;
205b : 0d04f63d;
205c : 0d02b305;
205d : 33028405;
205e : b7053302;
205f : 8805ba05;
2060 : 22595959;
2061 : 800b8c3d;
2062 : 348c3dfc;
2063 : 05568055;
2064 : 80547653;
2065 : 77527851;
2066 : fbd63f83;
2067 : c0800881;
2068 : ff0683c0;
2069 : 800c8c3d;
206a : 0d04f33d;
206b : 0d7f6264;
206c : 028c0580;
206d : c2052272;
206e : 22811533;
206f : 425f415e;
2070 : 59598078;
2071 : 237d5378;
2072 : 33528151;
2073 : ffa03f83;
2074 : c0800881;
2075 : ff065675;
2076 : 802e8638;
2077 : 755481ad;
2078 : 3983ccd4;
2079 : 08a81133;
207a : 821b3370;
207b : 862a7081;
207c : 0673982b;
207d : 5351575c;
207e : 56577980;
207f : 25833881;
2080 : 5673762e;
2081 : 873881f0;
2082 : 54818239;
2083 : 818c1733;
2084 : 7081ff06;
2085 : 79227d71;
2086 : 31902b70;
2087 : 902c7009;
2088 : 709f2c72;
2089 : 06705252;
208a : 53515357;
208b : 57547574;
208c : 24833875;
208d : 55748480;
208e : 8029fc80;
208f : 80057090;
2090 : 2c515574;
2091 : ff2e9438;
2092 : 83ccd408;
2093 : 81801133;
2094 : 5154737c;
2095 : 7081055e;
2096 : 34db3977;
2097 : 22760554;
2098 : 73782379;
2099 : 09709f2a;
209a : 70810682;
209b : 1c3381bf;
209c : 0671862b;
209d : 07515151;
209e : 5473821a;
209f : 347c7626;
20a0 : 8a387722;
20a1 : 547a7426;
20a2 : febb3880;
20a3 : 547383c0;
20a4 : 800c8f3d;
20a5 : 0d04f93d;
20a6 : 0d7a5780;
20a7 : 0b893d23;
20a8 : 893dfc05;
20a9 : 53765279;
20aa : 51f8be3f;
20ab : 83c08008;
20ac : 81ff0670;
20ad : 57557496;
20ae : 387c547b;
20af : 53883d22;
20b0 : 527651fd;
20b1 : e53f83c0;
20b2 : 800881ff;
20b3 : 06567583;
20b4 : c0800c89;
20b5 : 3d0d04f0;
20b6 : 3d0d6266;
20b7 : 02880580;
20b8 : ce052241;
20b9 : 5d5e8002;
20ba : 840580d2;
20bb : 05227f81;
20bc : 0533ff11;
20bd : 5a5d5a5d;
20be : 81da5876;
20bf : bf2680e9;
20c0 : 3878802e;
20c1 : 80e1387a;
20c2 : 58787b27;
20c3 : 83387858;
20c4 : 821e3370;
20c5 : 872a585a;
20c6 : 76923d34;
20c7 : 923dfc05;
20c8 : 5677557b;
20c9 : 547e537d;
20ca : 33528251;
20cb : f8c23f83;
20cc : c0800881;
20cd : ff065d80;
20ce : 0b923d33;
20cf : 585a7680;
20d0 : 2e833881;
20d1 : 5a821e33;
20d2 : 80ff067a;
20d3 : 872b0757;
20d4 : 76821f34;
20d5 : 7c913878;
20d6 : 78317083;
20d7 : ffff0679;
20d8 : 1e5e5a57;
20d9 : ff9b397c;
20da : 587783c0;
20db : 800c923d;
20dc : 0d04f83d;
20dd : 0d7b0284;
20de : 05b20522;
20df : 5858800b;
20e0 : 8a3d238a;
20e1 : 3dfc0553;
20e2 : 77527a51;
20e3 : f6db3f83;
20e4 : c0800881;
20e5 : ff067057;
20e6 : 55749638;
20e7 : 7d547653;
20e8 : 893d2252;
20e9 : 7751feaf;
20ea : 3f83c080;
20eb : 0881ff06;
20ec : 567583c0;
20ed : 800c8a3d;
20ee : 0d04ec3d;
20ef : 0d666e02;
20f0 : 880580df;
20f1 : 0533028c;
20f2 : 0580e305;
20f3 : 33029005;
20f4 : 80e70533;
20f5 : 02940580;
20f6 : eb053302;
20f7 : 980580ee;
20f8 : 05224143;
20f9 : 415f5c40;
20fa : 570280f2;
20fb : 0522963d;
20fc : 23963df0;
20fd : 05538417;
20fe : 70537752;
20ff : 59f5ea3f;
2100 : 83c08008;
2101 : 81ff0658;
2102 : 7781e538;
2103 : 777a8180;
2104 : 06584080;
2105 : 77258338;
2106 : 81407994;
2107 : 3d347b02;
2108 : 840580c9;
2109 : 05347c02;
210a : 840580ca;
210b : 05347d02;
210c : 840580cb;
210d : 05347a95;
210e : 3d347a88;
210f : 2a577602;
2110 : 840580cd;
2111 : 0534953d;
2112 : 22577602;
2113 : 840580ce;
2114 : 05347688;
2115 : 2a577602;
2116 : 840580cf;
2117 : 05347792;
2118 : 3d34963d;
2119 : ec115757;
211a : 8855f417;
211b : 54923d22;
211c : 53775277;
211d : 51f5f93f;
211e : 83c08008;
211f : 81ff0658;
2120 : 7780ed38;
2121 : 7e802e80;
2122 : cb38923d;
2123 : 22790858;
2124 : 587f802e;
2125 : 9c387681;
2126 : 80800779;
2127 : 0c7e5496;
2128 : 3dfc0553;
2129 : 7783ffff;
212a : 06527851;
212b : f9fc3f99;
212c : 39768280;
212d : 8007790c;
212e : 7e54953d;
212f : 22537783;
2130 : ffff0652;
2131 : 7851fc8f;
2132 : 3f83c080;
2133 : 0881ff06;
2134 : 58779d38;
2135 : 923d2253;
2136 : 80527f30;
2137 : 70802584;
2138 : 71315351;
2139 : 57f9873f;
213a : 83c08008;
213b : 81ff0658;
213c : 7783c080;
213d : 0c963d0d;
213e : 04f63d0d;
213f : 7c028405;
2140 : b705335b;
2141 : 5b805880;
2142 : 57805680;
2143 : 55795485;
2144 : 5380527a;
2145 : 51fda33f;
2146 : 83c08008;
2147 : 81ff0659;
2148 : 78853879;
2149 : 871c3478;
214a : 83c0800c;
214b : 8c3d0d04;
214c : f93d0d02;
214d : a7053302;
214e : 8405ab05;
214f : 33028805;
2150 : af053358;
2151 : 5957800b;
2152 : 83cce333;
2153 : 54547274;
2154 : 2e9f3881;
2155 : 147081ff;
2156 : 06555373;
2157 : 872681b6;
2158 : 387381c4;
2159 : 2983cce0;
215a : 05831133;
215b : 515372e3;
215c : 387381c4;
215d : 2983ccdc;
215e : 0555800b;
215f : 87163476;
2160 : 88163475;
2161 : 8a163477;
2162 : 89163480;
2163 : 750c83cc;
2164 : d4088c16;
2165 : 0c800b84;
2166 : 1634880b;
2167 : 85163480;
2168 : 0b861634;
2169 : 841508ff;
216a : a1ff06a0;
216b : 80078416;
216c : 0c811470;
216d : 81ff0653;
216e : 537451fe;
216f : bc3f83c0;
2170 : 800881ff;
2171 : 06705553;
2172 : 7280cd38;
2173 : 8a397308;
2174 : 750c7254;
2175 : 80c23972;
2176 : 82b7f055;
2177 : 5682b7f0;
2178 : 08802eb2;
2179 : 38758429;
217a : 14700876;
217b : 53700851;
217c : 5454722d;
217d : 83c08008;
217e : 81ff0653;
217f : 72802ece;
2180 : 38811670;
2181 : 81ff0682;
2182 : b7f07184;
2183 : 29115356;
2184 : 57537208;
2185 : d0388054;
2186 : 7383c080;
2187 : 0c893d0d;
2188 : 04f93d0d;
2189 : 7957800b;
218a : 84180883;
218b : ccd40c88;
218c : 18085258;
218d : efda3f83;
218e : c0800881;
218f : ff065473;
2190 : 782e8489;
2191 : 38efb63f;
2192 : 83c08008;
2193 : 81058818;
2194 : 0c83ccd4;
2195 : 08b81133;
2196 : 7081ff06;
2197 : 51515473;
2198 : 812ea438;
2199 : 73812488;
219a : 3873782e;
219b : 8a38b839;
219c : 73822e95;
219d : 38b13976;
219e : 3381f006;
219f : 5473902e;
21a0 : a6389177;
21a1 : 34a13973;
21a2 : 58763381;
21a3 : f0065473;
21a4 : 902e0981;
21a5 : 069138ee;
21a6 : e43f83c0;
21a7 : 800881c8;
21a8 : 058c180c;
21a9 : a0773480;
21aa : 567581c4;
21ab : 2983cce3;
21ac : 11335555;
21ad : 73802eaa;
21ae : 3883ccdc;
21af : 15700856;
21b0 : 5474802e;
21b1 : 9d388815;
21b2 : 08802e96;
21b3 : 388c1408;
21b4 : 83ccd408;
21b5 : 2e098106;
21b6 : 89387351;
21b7 : 88150854;
21b8 : 732d8116;
21b9 : 7081ff06;
21ba : 57548776;
21bb : 27ffba38;
21bc : 76335473;
21bd : b02e81a0;
21be : 3873b024;
21bf : 8f387391;
21c0 : 2eab3873;
21c1 : a02e80f5;
21c2 : 3882c239;
21c3 : 7380d02e;
21c4 : 81f93873;
21c5 : 80d0248b;
21c6 : 387380c0;
21c7 : 2e81a038;
21c8 : 82ab3973;
21c9 : 81802e82;
21ca : 973882a1;
21cb : 39805675;
21cc : 81c42983;
21cd : cce01183;
21ce : 11335659;
21cf : 5573802e;
21d0 : a83883cc;
21d1 : dc157008;
21d2 : 56547480;
21d3 : 2e9b388c;
21d4 : 140883cc;
21d5 : d4082e09;
21d6 : 81068e38;
21d7 : 73518415;
21d8 : 0854732d;
21d9 : 800b8319;
21da : 34811670;
21db : 81ff0657;
21dc : 54877627;
21dd : ffb93892;
21de : 773481d1;
21df : 398c1708;
21e0 : 51ed8d3f;
21e1 : 83c08008;
21e2 : 81ff0654;
21e3 : 73802e81;
21e4 : bc38b077;
21e5 : 3481b639;
21e6 : 83ccd408;
21e7 : 54800b8c;
21e8 : 153483cc;
21e9 : d4085484;
21ea : 0b881534;
21eb : 80c07734;
21ec : eccb3f83;
21ed : c08008b2;
21ee : 058c180c;
21ef : 818f398c;
21f0 : 170851ec;
21f1 : cb3f83c0;
21f2 : 800881ff;
21f3 : 06547380;
21f4 : 2e80fa38;
21f5 : 83ccd408;
21f6 : 54810b8c;
21f7 : 153483cc;
21f8 : d4085480;
21f9 : 55778338;
21fa : 98557488;
21fb : 153483cc;
21fc : d4085488;
21fd : 0ba01534;
21fe : ec833f83;
21ff : c0800894;
2200 : 058c180c;
2201 : 80d07734;
2202 : 80c33983;
2203 : ccd408a0;
2204 : 11337083;
2205 : 2a708106;
2206 : 51515555;
2207 : 73802ead;
2208 : 38880ba0;
2209 : 16348c17;
220a : 0851ebe4;
220b : 3f83c080;
220c : 0881ff06;
220d : 5473802e;
220e : 9438ff80;
220f : 77348e39;
2210 : 77538052;
2211 : 8051f9e8;
2212 : 3fff9077;
2213 : 3483ccd4;
2214 : 08a01133;
2215 : 70832a70;
2216 : 81065151;
2217 : 55557380;
2218 : 2e863888;
2219 : 0ba01634;
221a : 893d0d04;
221b : f43d0d02;
221c : bb053302;
221d : 8405bf05;
221e : 335d5d80;
221f : 0b83cce0;
2220 : 0b83ccdc;
2221 : 0b8c1172;
2222 : 71881475;
2223 : 5c5a5b5f;
2224 : 5c595b58;
2225 : 83153353;
2226 : 72802e81;
2227 : 88387333;
2228 : 537c732e;
2229 : 09810680;
222a : fc388114;
222b : 33537b73;
222c : 2e098106;
222d : 80ef3875;
222e : 0883ccd4;
222f : 082e0981;
2230 : 0680e238;
2231 : 80567581;
2232 : c42983cc;
2233 : e4117033;
2234 : 831e335b;
2235 : 57555374;
2236 : 782e0981;
2237 : 06973883;
2238 : cce81308;
2239 : 79082e09;
223a : 81068a38;
223b : 81143352;
223c : 7451fef8;
223d : 3f811670;
223e : 81ff0657;
223f : 53877627;
2240 : c5388077;
2241 : 08545472;
2242 : 742e9138;
2243 : 76518413;
2244 : 0853722d;
2245 : 83c08008;
2246 : 81ff0654;
2247 : 800b831b;
2248 : 347353a9;
2249 : 39811881;
224a : c41681c4;
224b : 1681c419;
224c : 81c41f81;
224d : c41e81c4;
224e : 1d6081c4;
224f : 05415d5e;
2250 : 5f595656;
2251 : 58877825;
2252 : feca3880;
2253 : 537283c0;
2254 : 800c8e3d;
2255 : 0d04f83d;
2256 : 0d02ae05;
2257 : 227d5957;
2258 : 80568155;
2259 : 80548653;
225a : 8180527a;
225b : 51f4cb3f;
225c : 83c08008;
225d : 81ff0683;
225e : c0800c8a;
225f : 3d0d04f7;
2260 : 3d0d02b2;
2261 : 05220284;
2262 : 05b70533;
2263 : 605a5b57;
2264 : 80568255;
2265 : 79548653;
2266 : 8180527b;
2267 : 51f49b3f;
2268 : 83c08008;
2269 : 81ff0683;
226a : c0800c8b;
226b : 3d0d04f8;
226c : 3d0d02af;
226d : 05335980;
226e : 58805780;
226f : 56805578;
2270 : 54895380;
2271 : 527a51f3;
2272 : f13f83c0;
2273 : 800881ff;
2274 : 0683c080;
2275 : 0c8a3d0d;
2276 : 04ffb83d;
2277 : 0d80cb3d;
2278 : 08705382;
2279 : b3d45256;
227a : fdffe73f;
227b : 83c08008;
227c : 80f33875;
227d : 51fdf9d2;
227e : 3f83ffff;
227f : 0b83c080;
2280 : 082580e1;
2281 : 387551fd;
2282 : f9d13f83;
2283 : c0800855;
2284 : 83c08008;
2285 : 80cf3882;
2286 : 805383c0;
2287 : 8008528a;
2288 : 3d705257;
2289 : fec4d43f;
228a : 74527551;
228b : fdf8c13f;
228c : 805980ca;
228d : 3dfdfc05;
228e : 54828053;
228f : 76527551;
2290 : fdf6c73f;
2291 : 81155574;
2292 : 88802e09;
2293 : 8106e138;
2294 : 80527551;
2295 : fdf8993f;
2296 : 800b83d9;
2297 : 800c7583;
2298 : d8fc0c87;
2299 : 39800b83;
229a : d8fc0c80;
229b : ca3d0d04;
229c : ff3d0d73;
229d : 70085351;
229e : 02930533;
229f : 72347008;
22a0 : 8105710c;
22a1 : 833d0d04;
22a2 : ffb83d0d;
22a3 : 80cb3d70;
22a4 : 70840552;
22a5 : 08585683;
22a6 : d8fc0880;
22a7 : 2e80fa38;
22a8 : 8a3d705a;
22a9 : 76557754;
22aa : 8294f053;
22ab : 80cb3dfd;
22ac : fc055255;
22ad : fea4ea3f;
22ae : 805280ca;
22af : 3dfdfc05;
22b0 : 51ffad3f;
22b1 : 83d98008;
22b2 : 5283d8fc;
22b3 : 0851fdf7;
22b4 : 9f3f8058;
22b5 : 7451fea2;
22b6 : ac3f80ca;
22b7 : 3dfdf805;
22b8 : 5483c080;
22b9 : 08537452;
22ba : 83d8fc08;
22bb : 51fdf59a;
22bc : 3f83d980;
22bd : 081883d9;
22be : 800c80ca;
22bf : 3dfdf805;
22c0 : 54815382;
22c1 : b3e05283;
22c2 : d8fc0851;
22c3 : fdf4fb3f;
22c4 : 83d98008;
22c5 : 1883d980;
22c6 : 0c80ca3d;
22c7 : 0d04fc3d;
22c8 : 0d9080b0;
22c9 : 08517081;
22ca : 2ebd3880;
22cb : 0b82aab4;
22cc : 54548113;
22cd : 33733383;
22ce : 80800790;
22cf : 80c00c70;
22d0 : 83808007;
22d1 : 9080c00c;
22d2 : 519080c0;
22d3 : 0870882a;
22d4 : 70810651;
22d5 : 515170f1;
22d6 : 38811482;
22d7 : 14545473;
22d8 : b72e0981;
22d9 : 06cc3886;
22da : 3d0d04ff;
22db : 3d0d83c0;
22dc : 840b9080;
22dd : c40c9080;
22de : c4087088;
22df : 2a708106;
22e0 : 51515170;
22e1 : f13882c0;
22e2 : 800b9080;
22e3 : c40c9080;
22e4 : c4087088;
22e5 : 2a708106;
22e6 : 51515170;
22e7 : f1387052;
22e8 : 82c2800b;
22e9 : 9080c40c;
22ea : 9080c408;
22eb : 70882a70;
22ec : 81065151;
22ed : 5170f138;
22ee : 81125271;
22ef : 81802e09;
22f0 : 8106dd38;
22f1 : 83c2800b;
22f2 : 9080c40c;
22f3 : 9080c408;
22f4 : 70882a70;
22f5 : 81065151;
22f6 : 5170f138;
22f7 : 83c0850b;
22f8 : 9080c40c;
22f9 : 9080c408;
22fa : 70882a70;
22fb : 81065151;
22fc : 5170f138;
22fd : 82c0800b;
22fe : 9080c40c;
22ff : 9080c408;
2300 : 70882a70;
2301 : 81065151;
2302 : 5170f138;
2303 : 705282c2;
2304 : 800b9080;
2305 : c40c9080;
2306 : c4087088;
2307 : 2a708106;
2308 : 51515170;
2309 : f1388112;
230a : 52718180;
230b : 2e098106;
230c : dd3883c2;
230d : 800b9080;
230e : c40c9080;
230f : c4087088;
2310 : 2a708106;
2311 : 51515170;
2312 : f138833d;
2313 : 0d04fc3d;
2314 : 0d777990;
2315 : 80b00853;
2316 : 55557081;
2317 : 2e80ff38;
2318 : 7683c080;
2319 : 079080c4;
231a : 0c9080c4;
231b : 0870882a;
231c : 70810651;
231d : 515170f1;
231e : 3882c080;
231f : 0b9080c4;
2320 : 0c9080c4;
2321 : 0870882a;
2322 : 70810651;
2323 : 515170f1;
2324 : 38705373;
2325 : 802eaf38;
2326 : 82c2800b;
2327 : 9080c40c;
2328 : 9080c408;
2329 : 70882a70;
232a : 81065151;
232b : 5170f138;
232c : 72159080;
232d : c4085252;
232e : 70723481;
232f : 13537274;
2330 : 2e098106;
2331 : d33883c0;
2332 : 800b9080;
2333 : c40c9080;
2334 : c4087088;
2335 : 2a708106;
2336 : 51515170;
2337 : f138863d;
2338 : 0d04fa3d;
2339 : 0d805585;
233a : 53883df8;
233b : 05527851;
233c : fedc3f86;
233d : 3d335473;
233e : 752e0981;
233f : 069f3802;
2340 : 95053354;
2341 : 7381ff2e;
2342 : 09810691;
2343 : 38029605;
2344 : 33547381;
2345 : ff2e0981;
2346 : 06833881;
2347 : 557483c0;
2348 : 800c883d;
2349 : 0d04803d;
234a : 0d8551ff;
234b : b53f823d;
234c : 0d04803d;
234d : 0d8451ff;
234e : a93f823d;
234f : 0d04fc3d;
2350 : 0d767856;
2351 : 548053fe;
2352 : a6b23f81;
2353 : ab51fea6;
2354 : bf3f81ff;
2355 : 51fea6b8;
2356 : 3f721452;
2357 : 83c08008;
2358 : 72348113;
2359 : 5372842e;
235a : 098106e6;
235b : 38fea696;
235c : 3ffea688;
235d : 3f819f51;
235e : fea6953f;
235f : 805381ff;
2360 : 51fea68c;
2361 : 3f721552;
2362 : 83c08008;
2363 : 72348113;
2364 : 5372842e;
2365 : 098106e6;
2366 : 38fea5ea;
2367 : 3f863d0d;
2368 : 04fb3d0d;
2369 : 77797b58;
236a : 56528054;
236b : fea5cd3f;
236c : 8351fea5;
236d : db3f7190;
236e : 2c7081ff;
236f : 065253fe;
2370 : a5ce3f71;
2371 : 882c7081;
2372 : ff065253;
2373 : fea5c13f;
2374 : 7181ff06;
2375 : 51fea5b8;
2376 : 3f74742e;
2377 : 963881ff;
2378 : 51fea5ac;
2379 : 3f731652;
237a : 83c08008;
237b : 72348114;
237c : 54e739fe;
237d : a5903f87;
237e : 3d0d04ff;
237f : 3d0dfea4;
2380 : fb3f8551;
2381 : fea5893f;
2382 : 81ff51fe;
2383 : a5823f83;
2384 : c0800881;
2385 : ff0652fe;
2386 : a4ec3f71;
2387 : e138833d;
2388 : 0d04fb3d;
2389 : 0d873dfc;
238a : 1153f805;
238b : 51fe8f3f;
238c : 75882a70;
238d : 57538480;
238e : 80547281;
238f : 82f4982e;
2390 : b0389080;
2391 : 80547281;
2392 : 80c0982e;
2393 : a4388480;
2394 : 80547281;
2395 : 80c0952e;
2396 : 98387284;
2397 : c0982e91;
2398 : 387280f1;
2399 : e0983270;
239a : 30709f2c;
239b : 76075651;
239c : 537383c0;
239d : 800c873d;
239e : 0d04fc3d;
239f : 0d767855;
23a0 : 53ff9f3f;
23a1 : 83c08008;
23a2 : 55800b83;
23a3 : c0800824;
23a4 : 80d43880;
23a5 : 742580ce;
23a6 : 38fea3e0;
23a7 : 3f8651fe;
23a8 : a3ee3ffe;
23a9 : a3e03ffe;
23aa : a3d23f81;
23ab : d851fea3;
23ac : df3f7290;
23ad : 2c7081ff;
23ae : 065252fe;
23af : a3d23f72;
23b0 : 882c7081;
23b1 : ff065252;
23b2 : fea3c53f;
23b3 : 7281ff06;
23b4 : 51fea3bc;
23b5 : 3ffea3ae;
23b6 : 3f737531;
23b7 : 75145454;
23b8 : fe993fff;
23b9 : ae39863d;
23ba : 0d04fa3d;
23bb : 0d787a7c;
23bc : 59565680;
23bd : 752580f1;
23be : 38745482;
23bf : 80752584;
23c0 : 38828054;
23c1 : fea2f53f;
23c2 : 8651fea3;
23c3 : 833ffea2;
23c4 : f53ffea2;
23c5 : e73f8251;
23c6 : fea2f53f;
23c7 : 75902c70;
23c8 : 81ff0652;
23c9 : 52fea2e8;
23ca : 3f75882c;
23cb : 7081ff06;
23cc : 5252fea2;
23cd : db3f7581;
23ce : ff0651fe;
23cf : a2d23f80;
23d0 : 5373732e;
23d1 : 90387217;
23d2 : 70335252;
23d3 : fea2c13f;
23d4 : 811353ed;
23d5 : 39fea2ae;
23d6 : 3f747431;
23d7 : 74177519;
23d8 : 595755fd;
23d9 : 963fff8b;
23da : 39883d0d;
23db : 04803d0d;
23dc : 7290b890;
23dd : 0c90b894;
23de : 74710c75;
23df : 710c7671;
23e0 : 0c77710c;
23e1 : 517790b8;
23e2 : a40c7890;
23e3 : b8a00c79;
23e4 : 90b89c0c;
23e5 : 810b90b8;
23e6 : 880c823d;
23e7 : 0d04f83d;
23e8 : 0d7a107c;
23e9 : 07597881;
23ea : 2ebb3878;
23eb : 81248938;
23ec : 78802e92;
23ed : 3880fa39;
23ee : 78822eb5;
23ef : 3878832e;
23f0 : 80ce3880;
23f1 : ec39859e;
23f2 : 9ffcb158;
23f3 : 87578256;
23f4 : b0a09055;
23f5 : a0908854;
23f6 : 90888453;
23f7 : 88845292;
23f8 : 895180ca;
23f9 : 3987a9d7;
23fa : dbe75888;
23fb : 578356aa;
23fc : 3986f0f0;
23fd : 8f9e5887;
23fe : 577856b0;
23ff : a49255a0;
2400 : 92895498;
2401 : 8a845388;
2402 : 8a845294;
2403 : 8a519f39;
2404 : 868dec8b;
2405 : fb588857;
2406 : 7856b094;
2407 : 8a55a08a;
2408 : 85549886;
2409 : 82538886;
240a : 8252888c;
240b : 8551febd;
240c : 3f8a3d0d;
240d : 0488800a;
240e : 0b83c884;
240f : 0c048283;
2410 : 80800b83;
2411 : c0800c04;
2412 : 82818080;
2413 : 0b83c080;
2414 : 0c040000;
2415 : 00ffffff;
2416 : ff00ffff;
2417 : ffff00ff;
2418 : ffffff00;
2419 : 809a9041;
241a : 8e418f80;
241b : 45454549;
241c : 49498e8f;
241d : 9092924f;
241e : 994f5555;
241f : 59999a9b;
2420 : 9c9d9e9f;
2421 : 41494f55;
2422 : a5a5a6a7;
2423 : a8a9aaab;
2424 : ac21aeaf;
2425 : b0b1b2b3;
2426 : b4b5b6b7;
2427 : b8b9babb;
2428 : bcbdbebf;
2429 : c0c1c2c3;
242a : c4c5c6c7;
242b : c8c9cacb;
242c : cccdcecf;
242d : d0d1d2d3;
242e : d4d5d6d7;
242f : d8d9dadb;
2430 : dcdddedf;
2431 : e0e1e2e3;
2432 : e4e5e6e7;
2433 : e8e9eaeb;
2434 : ecedeeef;
2435 : f0f1f2f3;
2436 : f4f5f6f7;
2437 : f8f9fafb;
2438 : fcfdfeff;
2439 : 00003aab;
243a : 00000000;
243b : 00003bdf;
243c : 80000000;
243d : 00003ac6;
243e : 00000001;
243f : 00003c12;
2440 : 80000000;
2441 : 00003ae2;
2442 : 00000000;
2443 : 00000000;
2444 : 80000000;
2445 : 00000000;
2446 : 00000000;
2447 : 00000000;
2448 : 00000000;
2449 : 00000000;
244a : 0000984c;
244b : 00000000;
244c : 01000000;
244d : 00000000;
244e : 00000000;
244f : 00000000;
2450 : 10000000;
2451 : 00003834;
2452 : 00000000;
2453 : 00003894;
2454 : 4e000000;
2455 : 00003834;
2456 : 00000001;
2457 : 00003894;
2458 : 4e000000;
2459 : 00003834;
245a : 00000002;
245b : 00003894;
245c : 4e000000;
245d : 00003834;
245e : 00000003;
245f : 00003894;
2460 : 4e000000;
2461 : 00003867;
2462 : 00000000;
2463 : 0000391c;
2464 : 66000000;
2465 : 00000000;
2466 : 0000985c;
2467 : 0000397c;
2468 : 08000000;
2469 : 00000000;
246a : 00000000;
246b : 00000000;
246c : 00000000;
246d : 00000000;
246e : 00009854;
246f : 00003cb8;
2470 : 08000000;
2471 : 00000000;
2472 : 00000000;
2473 : 00000000;
2474 : 00000000;
2475 : 00000000;
2476 : 0000984c;
2477 : 00000000;
2478 : 01000000;
2479 : 00000000;
247a : 00000000;
247b : 00000000;
247c : 00000000;
247d : 00003980;
247e : 00000000;
247f : 00000000;
2480 : 10000000;
2481 : 00003dc1;
2482 : 00000000;
2483 : 00003df7;
2484 : 0e000000;
2485 : 00000000;
2486 : 00000000;
2487 : 00000000;
2488 : 00000000;
2489 : 00003e37;
248a : 00000000;
248b : 00003e60;
248c : 0e000000;
248d : 00003ec0;
248e : 00000000;
248f : 00003ed7;
2490 : 06000000;
2491 : 00003f00;
2492 : 00000000;
2493 : 00003f32;
2494 : 0e000000;
2495 : 00003f81;
2496 : 00000000;
2497 : 00003f9e;
2498 : 08000000;
2499 : 00003fc0;
249a : 00000000;
249b : 00003fe0;
249c : 08000000;
249d : 00000000;
249e : 00000000;
249f : 00000000;
24a0 : 00000000;
24a1 : 00003ffe;
24a2 : 00000000;
24a3 : 0000401a;
24a4 : 06000000;
24a5 : 0000403f;
24a6 : 00000000;
24a7 : 0000405c;
24a8 : 08000000;
24a9 : 000040d7;
24aa : 00000000;
24ab : 000040ec;
24ac : 08000000;
24ad : 0000410b;
24ae : 00000000;
24af : 00004120;
24b0 : 08000000;
24b1 : 00000000;
24b2 : 00009958;
24b3 : 0000407b;
24b4 : 08000000;
24b5 : 00000000;
24b6 : 00000000;
24b7 : 00000000;
24b8 : 00000000;
24b9 : 00000000;
24ba : 00009964;
24bb : 0000425b;
24bc : 08000000;
24bd : 00000000;
24be : 00009970;
24bf : 0000426c;
24c0 : 48000000;
24c1 : 00000000;
24c2 : 00009978;
24c3 : 00004278;
24c4 : 48000000;
24c5 : 00000000;
24c6 : 00000000;
24c7 : 00000000;
24c8 : 00000000;
24c9 : 00000000;
24ca : 0000984c;
24cb : 00000000;
24cc : 01000000;
24cd : 00000000;
24ce : 00000000;
24cf : 00000000;
24d0 : 00000000;
24d1 : 0000429f;
24d2 : 00000000;
24d3 : 00000000;
24d4 : 00000000;
24d5 : 000042f1;
24d6 : 00000000;
24d7 : 00000000;
24d8 : 10000000;
24d9 : 000060a0;
24da : 00006a42;
24db : 00006b0b;
24dc : 00ff00ff;
24dd : 00ff00ff;
24de : 001c0032;
24df : 00210023;
24e0 : 0024002b;
24e1 : 00340033;
24e2 : 0043003b;
24e3 : 0042004b;
24e4 : 003a0031;
24e5 : 0044004d;
24e6 : 0015002d;
24e7 : 001b002c;
24e8 : 003c002a;
24e9 : 001d0022;
24ea : 0035001a;
24eb : 0016001e;
24ec : 00260025;
24ed : 002e0036;
24ee : 003d003e;
24ef : 00460045;
24f0 : 005a0076;
24f1 : 0066000d;
24f2 : 0029004e;
24f3 : 00550054;
24f4 : 005b005d;
24f5 : 005d004c;
24f6 : 0052000e;
24f7 : 00410049;
24f8 : 004a0058;
24f9 : 00050006;
24fa : 0004000c;
24fb : 0003000b;
24fc : 0083000a;
24fd : 00010009;
24fe : 00780207;
24ff : 107c0800;
2500 : 00771070;
2501 : 106c107d;
2502 : 10711069;
2503 : 107a1074;
2504 : 106b1072;
2505 : 10750800;
2506 : 104a007c;
2507 : 007b0079;
2508 : 105a0069;
2509 : 0072007a;
250a : 006b0073;
250b : 0074006c;
250c : 0075007d;
250d : 00700071;
250e : 0061102f;
250f : 1037000f;
2510 : 00080010;
2511 : 00180020;
2512 : 00280030;
2513 : 00380040;
2514 : 00140012;
2515 : 0011101f;
2516 : 10140059;
2517 : 10111027;
2518 : 0d0d3f00;
2519 : 0c0c4000;
251a : 0a0a4100;
251b : 0b0b4100;
251c : 07074100;
251d : 0a0b4300;
251e : 080b4200;
251f : 06060004;
2520 : 04044500;
2521 : 05054400;
2522 : 0e0f2900;
2523 : 08080004;
2524 : 09090004;
2525 : 0a0f4300;
2526 : 090f4200;
2527 : 00000000;
2528 : 02010302;
2529 : 02020204;
252a : 01020800;
252b : 03800403;
252c : 20050310;
252d : 06034007;
252e : 03010803;
252f : 02090480;
2530 : 0a05800b;
2531 : 02200c02;
2532 : 100d0240;
2533 : 0e02800f;
2534 : 0000769d;
2535 : 000079a4;
2536 : 000077b0;
2537 : 000079a4;
2538 : 000077ed;
2539 : 0000783e;
253a : 0000787d;
253b : 00007886;
253c : 000079a4;
253d : 000079a4;
253e : 000079a4;
253f : 000079a4;
2540 : 0000788f;
2541 : 00007897;
2542 : 0000789e;
2543 : 00007aa4;
2544 : 00007b9d;
2545 : 00007cb1;
2546 : 00007fcf;
2547 : 00007fea;
2548 : 00007fd6;
2549 : 00007fea;
254a : 00007ff1;
254b : 00007ffc;
254c : 00008003;
254d : 02530300;
254e : 07000f00;
254f : 100d118c;
2550 : 120d138c;
2551 : 148c158c;
2552 : 168c178c;
2553 : 1a001b03;
2554 : 1c001d0e;
2555 : 1eaa1f00;
2556 : 20002102;
2557 : 2a002b01;
2558 : 2c002d2b;
2559 : 2e002f00;
255a : 30003100;
255b : 3a003b01;
255c : 3c003d0d;
255d : 3e003f00;
255e : 40004100;
255f : 5a005b00;
2560 : 95819646;
2561 : 977f98ff;
2562 : 99009a00;
2563 : 9bd69c00;
2564 : 9d009e00;
2565 : 9f01a000;
2566 : a100a200;
2567 : a300a400;
2568 : b7920000;
2569 : 2e2e0000;
256a : 25732025;
256b : 73000000;
256c : 41545200;
256d : 58464400;
256e : 58455800;
256f : 41545800;
2570 : 63686f6f;
2571 : 73652000;
2572 : 66696c65;
2573 : 20202573;
2574 : 00000000;
2575 : 4449523a;
2576 : 00000000;
2577 : 44495200;
2578 : 25303278;
2579 : 00000000;
257a : 284e6f20;
257b : 53442900;
257c : 4350553a;
257d : 25647825;
257e : 73000000;
257f : 49534f00;
2580 : 414e5349;
2581 : 00000000;
2582 : 584c2f58;
2583 : 45000000;
2584 : 3430302f;
2585 : 38303000;
2586 : 36344b00;
2587 : 3132384b;
2588 : 00000000;
2589 : 3332304b;
258a : 28436f6d;
258b : 70792900;
258c : 3332304b;
258d : 2852616d;
258e : 626f2900;
258f : 3537364b;
2590 : 28436f6d;
2591 : 70792900;
2592 : 3537364b;
2593 : 2852616d;
2594 : 626f2900;
2595 : 314d4200;
2596 : 344d4200;
2597 : 384b0000;
2598 : 31364b00;
2599 : 33324b00;
259a : 34384b00;
259b : 35324b00;
259c : 25782e48;
259d : 75622e20;
259e : 25642070;
259f : 6f727473;
25a0 : 00000000;
25a1 : 25782e48;
25a2 : 49440000;
25a3 : 204d6f75;
25a4 : 73650000;
25a5 : 204b6579;
25a6 : 626f6172;
25a7 : 64000000;
25a8 : 204a6f79;
25a9 : 73746963;
25aa : 6b3a2564;
25ab : 00000000;
25ac : 52474200;
25ad : 5343414e;
25ae : 444f5542;
25af : 4c450000;
25b0 : 53564944;
25b1 : 454f0000;
25b2 : 48444d49;
25b3 : 00000000;
25b4 : 44564900;
25b5 : 56474100;
25b6 : 434f4d50;
25b7 : 4f534954;
25b8 : 45000000;
25b9 : 4e545343;
25ba : 00000000;
25bb : 50414c00;
25bc : 73657474;
25bd : 696e6773;
25be : 00000000;
25bf : 466c6173;
25c0 : 68696e67;
25c1 : 20736574;
25c2 : 74696e67;
25c3 : 73000000;
25c4 : 444f204e;
25c5 : 4f542050;
25c6 : 4f574552;
25c7 : 204f4646;
25c8 : 00000000;
25c9 : 52656164;
25ca : 20202020;
25cb : 20000000;
25cc : 45726173;
25cd : 65202020;
25ce : 20000000;
25cf : 57726974;
25d0 : 65202020;
25d1 : 20000000;
25d2 : 446f6e65;
25d3 : 20202020;
25d4 : 00000000;
25d5 : 466c6173;
25d6 : 68696e67;
25d7 : 20636f72;
25d8 : 65000000;
25d9 : 4641494c;
25da : 3a253032;
25db : 78202530;
25dc : 32782025;
25dd : 64200000;
25de : 2e452e00;
25df : 2e572e00;
25e0 : 2e562e00;
25e1 : 61746172;
25e2 : 69626173;
25e3 : 2e726f6d;
25e4 : 00000000;
25e5 : 61746172;
25e6 : 69786c2e;
25e7 : 726f6d00;
25e8 : 66726565;
25e9 : 7a65722e;
25ea : 726f6d00;
25eb : 524f4d00;
25ec : 42494e00;
25ed : 43415200;
25ee : 4d454d00;
25ef : 52504400;
25f0 : 44726976;
25f1 : 65202564;
25f2 : 3a257320;
25f3 : 25730000;
25f4 : 4e4f4e45;
25f5 : 00000000;
25f6 : 43617274;
25f7 : 3a202573;
25f8 : 00000000;
25f9 : 48455245;
25fa : 20000000;
25fb : 25303878;
25fc : 20000000;
25fd : 25303278;
25fe : 25303278;
25ff : 25303278;
2600 : 25303278;
2601 : 20000000;
2602 : 25303478;
2603 : 25303478;
2604 : 20000000;
2605 : 30780000;
2606 : 25317800;
2607 : 41646472;
2608 : 3a000000;
2609 : 44617461;
260a : 3a000000;
260b : 4d6f6465;
260c : 3a000000;
260d : 52656164;
260e : 20000000;
260f : 57726974;
2610 : 65200000;
2611 : 4d617463;
2612 : 68200000;
2613 : 45786974;
2614 : 00000000;
2615 : 44656275;
2616 : 67000000;
2617 : 526f7461;
2618 : 74652055;
2619 : 5342206a;
261a : 6f797374;
261b : 69636b73;
261c : 00000000;
261d : 44657669;
261e : 63657300;
261f : 50726f66;
2620 : 696c653a;
2621 : 25640000;
2622 : 20564220;
2623 : 6f6e6c79;
2624 : 00000000;
2625 : 44726976;
2626 : 65205475;
2627 : 72626f3a;
2628 : 25730000;
2629 : 53797374;
262a : 656d3a25;
262b : 73202573;
262c : 00000000;
262d : 524f4d3a;
262e : 25730000;
262f : 4b657962;
2630 : 6f617264;
2631 : 3a257300;
2632 : 4d6f6465;
2633 : 3a257300;
2634 : 54562073;
2635 : 74616e64;
2636 : 6172643a;
2637 : 25730000;
2638 : 5363616e;
2639 : 6c696e65;
263a : 733a2564;
263b : 00000000;
263c : 436f6d70;
263d : 6f736974;
263e : 65207379;
263f : 6e633a25;
2640 : 64000000;
2641 : 56474120;
2642 : 00000000;
2643 : 48444d49;
2644 : 20000000;
2645 : 53442000;
2646 : 44617465;
2647 : 3a323032;
2648 : 34303931;
2649 : 3720436f;
264a : 72653a34;
264b : 30000000;
264c : 426f6172;
264d : 643a2564;
264e : 20257320;
264f : 25732573;
2650 : 25730000;
2651 : 5350493a;
2652 : 25303878;
2653 : 2f253038;
2654 : 782f2564;
2655 : 00000000;
2656 : 4170706c;
2657 : 79207669;
2658 : 64656f00;
2659 : 53617665;
265a : 20466c61;
265b : 73680000;
265c : 53617665;
265d : 20534400;
265e : 50726f67;
265f : 72616d20;
2660 : 52424400;
2661 : 53657474;
2662 : 696e6773;
2663 : 00000000;
2664 : 5374616e;
2665 : 64617264;
2666 : 00000000;
2667 : 46617374;
2668 : 28362900;
2669 : 46617374;
266a : 28352900;
266b : 46617374;
266c : 28342900;
266d : 46617374;
266e : 28332900;
266f : 46617374;
2670 : 28322900;
2671 : 46617374;
2672 : 28312900;
2673 : 46617374;
2674 : 28302900;
2675 : 2f757362;
2676 : 2e6c6f67;
2677 : 00000000;
2678 : 0a000000;
2679 : 00000000;
267a : 00000000;
267b : 01010008;
267c : 02210010;
267d : 080d0040;
267e : 090a0040;
267f : 0a090040;
2680 : 0b080040;
2681 : 0c300020;
2682 : 0d310040;
2683 : 0e320080;
2684 : 0f040010;
2685 : 110c0080;
2686 : 17330100;
2687 : 18340200;
2688 : 1a280010;
2689 : 1b290020;
268a : 1c2a0040;
268b : 1d2b0080;
268c : 1e2c0100;
268d : 1f2d0200;
268e : 21380020;
268f : 22390040;
2690 : 233a0080;
2691 : 243b0100;
2692 : 253c0200;
2693 : 28230010;
2694 : 29020080;
2695 : 2a030400;
2696 : 38240200;
2697 : 00000000;
2698 : 70704740;
2699 : 0c704268;
269a : 0c020202;
269b : 02020202;
269c : 02020202;
269d : 02020202;
269e : 02020202;
269f : 02020241;
26a0 : 00060000;
26a1 : 000095fc;
26a2 : 00009600;
26a3 : 00009608;
26a4 : 00009610;
26a5 : 00009618;
26a6 : 0000961c;
26a7 : 00009624;
26a8 : 00009630;
26a9 : 0000963c;
26aa : 00009648;
26ab : 00009654;
26ac : 00009658;
26ad : 0000965c;
26ae : 00009660;
26af : 00009664;
26b0 : 00009668;
26b1 : 0000966c;
26b2 : 000096b0;
26b3 : 000096b4;
26b4 : 000096c0;
26b5 : 000096c8;
26b6 : 000096d0;
26b7 : 000096d4;
26b8 : 000096d8;
26b9 : 000096e4;
26ba : 000096ec;
26bb : 72025f07;
26bc : f807a900;
26bd : 8d04038d;
26be : 4402a907;
26bf : 8d0503a9;
26c0 : 708d0a03;
26c1 : a9018d0b;
26c2 : 03850960;
26c3 : 7d8a4820;
26c4 : 53e488d0;
26c5 : fa68aa8c;
26c6 : 8e07ad7d;
26c7 : 07ee8e07;
26c8 : 60a9938d;
26c9 : e202a907;
26ca : 8de302a2;
26cb : 0220da07;
26cc : 954320da;
26cd : 07954435;
26ce : 43c9fff0;
26cf : f0caca10;
26d0 : ec3006e6;
26d1 : 45d002e6;
26d2 : 4620da07;
26d3 : a2018144;
26d4 : b545d543;
26d5 : d0edca10;
26d6 : f720d207;
26d7 : 4c9407a9;
26d8 : 038d0fd2;
26d9 : 6ce202ad;
26da : 8e07cd7f;
26db : 07d0abee;
26dc : 0a03d003;
26dd : ee0b03ad;
26de : 7d070d7e;
26df : 07d08e20;
26e0 : d2076ce0;
26e1 : 0220da07;
26e2 : 8de00220;
26e3 : da078de1;
26e4 : 022de002;
26e5 : c9fff0ed;
26e6 : a9008d8e;
26e7 : 07f08200;
26e8 : 28060504;
26e9 : 03020100;
26ea : 00009990;
26eb : 0000999c;
26ec : 000099a4;
26ed : 000099ac;
26ee : 000099b4;
26ef : 000099bc;
26f0 : 000099c4;
26f1 : 000099cc;
26f2 : 321f1e1a;
26f3 : 181d1b33;
26f4 : 35300000;
26f5 : 3f15123a;
26f6 : 2a383d39;
26f7 : 0d010500;
26f8 : 2523080a;
26f9 : 2f283e2d;
26fa : 0b102e16;
26fb : 2b170000;
26fc : 0000950c;
26fd : 00009364;
26fe : 00000000;
26ff : 2f617461;
2700 : 72693830;
2701 : 302f726f;
2702 : 6d000000;
2703 : 2f617461;
2704 : 72693830;
2705 : 302f7573;
2706 : 65720000;
END; 
